ag_specific,augur_collected,augur_error,augur_metrics.augur_endpoint_count,augur_metrics.augur_nonempty_endpoint_count,augur_metrics.commit_count,augur_metrics.contributor_count,augur_metrics.db_commit_rows,augur_metrics.db_issue_event_rows,augur_metrics.db_issue_label_rows,augur_metrics.db_issue_rows,augur_metrics.db_pull_request_event_rows,augur_metrics.db_pull_request_file_rows,augur_metrics.db_pull_request_label_rows,augur_metrics.db_pull_request_rows,augur_metrics.db_release_rows,augur_metrics.db_repo_stat_rows,augur_metrics.forks,augur_metrics.issue_backlog,augur_metrics.issues_active,augur_metrics.issues_closed,augur_metrics.issues_opened,augur_metrics.languages,augur_metrics.license,augur_metrics.stars,augur_ready,augur_registered,augur_repo_id,augur_status,category,collection_timestamp,display_name,license,overall_status,owner,repo_name,repo_url,scorecard_checks.Binary-Artifacts.doc_url,scorecard_checks.Binary-Artifacts.reason,scorecard_checks.Binary-Artifacts.score,scorecard_checks.Branch-Protection.doc_url,scorecard_checks.Branch-Protection.reason,scorecard_checks.Branch-Protection.score,scorecard_checks.CI-Tests.doc_url,scorecard_checks.CI-Tests.reason,scorecard_checks.CI-Tests.score,scorecard_checks.CII-Best-Practices.doc_url,scorecard_checks.CII-Best-Practices.reason,scorecard_checks.CII-Best-Practices.score,scorecard_checks.Code-Review.doc_url,scorecard_checks.Code-Review.reason,scorecard_checks.Code-Review.score,scorecard_checks.Contributors.doc_url,scorecard_checks.Contributors.reason,scorecard_checks.Contributors.score,scorecard_checks.Dangerous-Workflow.doc_url,scorecard_checks.Dangerous-Workflow.reason,scorecard_checks.Dangerous-Workflow.score,scorecard_checks.Dependency-Update-Tool.doc_url,scorecard_checks.Dependency-Update-Tool.reason,scorecard_checks.Dependency-Update-Tool.score,scorecard_checks.Fuzzing.doc_url,scorecard_checks.Fuzzing.reason,scorecard_checks.Fuzzing.score,scorecard_checks.License.doc_url,scorecard_checks.License.reason,scorecard_checks.License.score,scorecard_checks.Maintained.doc_url,scorecard_checks.Maintained.reason,scorecard_checks.Maintained.score,scorecard_checks.Packaging.doc_url,scorecard_checks.Packaging.reason,scorecard_checks.Packaging.score,scorecard_checks.Pinned-Dependencies.doc_url,scorecard_checks.Pinned-Dependencies.reason,scorecard_checks.Pinned-Dependencies.score,scorecard_checks.SAST.doc_url,scorecard_checks.SAST.reason,scorecard_checks.SAST.score,scorecard_checks.Security-Policy.doc_url,scorecard_checks.Security-Policy.reason,scorecard_checks.Security-Policy.score,scorecard_checks.Signed-Releases.doc_url,scorecard_checks.Signed-Releases.reason,scorecard_checks.Signed-Releases.score,scorecard_checks.Token-Permissions.doc_url,scorecard_checks.Token-Permissions.reason,scorecard_checks.Token-Permissions.score,scorecard_checks.Vulnerabilities.doc_url,scorecard_checks.Vulnerabilities.reason,scorecard_checks.Vulnerabilities.score,scorecard_collected,scorecard_error,scorecard_exit_code,scorecard_overall,scorecard_runtime,scorecard_status
True,True,,6,6,9349,54,0,0,243,453,0,49,2,8,94,0,355,32,,7,8,"[""PHP""]",GPL-2.0,1306,False,True,2,partial,Domain-specific agricultural platform,2026-07-02T10:09:08.278753+00:00,FarmOS,GPL-2.0,complete,farmOS,farmOS,https://github.com/farmOS/farmOS,https://github.com/ossf/scorecard/blob/80ee3ecfedf8b19ab8991713a9fdb2e7dcd7262e/docs/checks.md#binary-artifacts,no binaries found in the repo,10,https://github.com/ossf/scorecard/blob/80ee3ecfedf8b19ab8991713a9fdb2e7dcd7262e/docs/checks.md#branch-protection,"internal error: error during branchesHandler.setup: internal error: githubv4.Query: Your token has not been granted the required scopes to execute this query. The 'rulesets' field requires one of the following scopes: ['public_repo'], but your token has only been granted the: ['read:project'] scopes. Please modify your token's scopes at: https://github.com/settings/tokens.",-1,https://github.com/ossf/scorecard/blob/80ee3ecfedf8b19ab8991713a9fdb2e7dcd7262e/docs/checks.md#ci-tests,5 out of 6 merged PRs checked by a CI test -- score normalized to 8,8,https://github.com/ossf/scorecard/blob/80ee3ecfedf8b19ab8991713a9fdb2e7dcd7262e/docs/checks.md#cii-best-practices,no effort to earn an OpenSSF best practices badge detected,0,https://github.com/ossf/scorecard/blob/80ee3ecfedf8b19ab8991713a9fdb2e7dcd7262e/docs/checks.md#code-review,Found 3/27 approved changesets -- score normalized to 1,1,https://github.com/ossf/scorecard/blob/80ee3ecfedf8b19ab8991713a9fdb2e7dcd7262e/docs/checks.md#contributors,project has 12 contributing companies or organizations,10,https://github.com/ossf/scorecard/blob/80ee3ecfedf8b19ab8991713a9fdb2e7dcd7262e/docs/checks.md#dangerous-workflow,no workflows found,-1,https://github.com/ossf/scorecard/blob/80ee3ecfedf8b19ab8991713a9fdb2e7dcd7262e/docs/checks.md#dependency-update-tool,no update tool detected,0,https://github.com/ossf/scorecard/blob/80ee3ecfedf8b19ab8991713a9fdb2e7dcd7262e/docs/checks.md#fuzzing,project is not fuzzed,0,https://github.com/ossf/scorecard/blob/80ee3ecfedf8b19ab8991713a9fdb2e7dcd7262e/docs/checks.md#license,license file detected,10,https://github.com/ossf/scorecard/blob/80ee3ecfedf8b19ab8991713a9fdb2e7dcd7262e/docs/checks.md#maintained,30 commit(s) and 9 issue activity found in the last 90 days -- score normalized to 10,10,https://github.com/ossf/scorecard/blob/80ee3ecfedf8b19ab8991713a9fdb2e7dcd7262e/docs/checks.md#packaging,packaging workflow not detected,-1,https://github.com/ossf/scorecard/blob/80ee3ecfedf8b19ab8991713a9fdb2e7dcd7262e/docs/checks.md#pinned-dependencies,dependency not pinned by hash detected -- score normalized to 0,0,https://github.com/ossf/scorecard/blob/80ee3ecfedf8b19ab8991713a9fdb2e7dcd7262e/docs/checks.md#sast,SAST tool is not run on all commits -- score normalized to 0,0,https://github.com/ossf/scorecard/blob/80ee3ecfedf8b19ab8991713a9fdb2e7dcd7262e/docs/checks.md#security-policy,security policy file detected,9,https://github.com/ossf/scorecard/blob/80ee3ecfedf8b19ab8991713a9fdb2e7dcd7262e/docs/checks.md#signed-releases,Project has not signed or included provenance with any releases.,0,https://github.com/ossf/scorecard/blob/80ee3ecfedf8b19ab8991713a9fdb2e7dcd7262e/docs/checks.md#token-permissions,No tokens found,-1,https://github.com/ossf/scorecard/blob/80ee3ecfedf8b19ab8991713a9fdb2e7dcd7262e/docs/checks.md#vulnerabilities,0 existing vulnerabilities detected,10,True,,,4.6,0.0,success
True,True,,4,4,1044,15,0,0,0,0,0,0,0,0,6,0,169,0,,1,37,"[""Go""]",Apache-2.0,812,False,True,3,partial,Domain-specific agricultural platform,2026-07-02T10:09:08.278753+00:00,Tania,Apache-2.0,complete,usetania,tania-core,https://github.com/usetania/tania-core,https://github.com/ossf/scorecard/blob/80ee3ecfedf8b19ab8991713a9fdb2e7dcd7262e/docs/checks.md#binary-artifacts,no binaries found in the repo,10,https://github.com/ossf/scorecard/blob/80ee3ecfedf8b19ab8991713a9fdb2e7dcd7262e/docs/checks.md#branch-protection,branch protection not enabled on development/release branches,0,https://github.com/ossf/scorecard/blob/80ee3ecfedf8b19ab8991713a9fdb2e7dcd7262e/docs/checks.md#ci-tests,0 out of 17 merged PRs checked by a CI test -- score normalized to 0,0,https://github.com/ossf/scorecard/blob/80ee3ecfedf8b19ab8991713a9fdb2e7dcd7262e/docs/checks.md#cii-best-practices,no effort to earn an OpenSSF best practices badge detected,0,https://github.com/ossf/scorecard/blob/80ee3ecfedf8b19ab8991713a9fdb2e7dcd7262e/docs/checks.md#code-review,Found 3/8 approved changesets -- score normalized to 3,3,https://github.com/ossf/scorecard/blob/80ee3ecfedf8b19ab8991713a9fdb2e7dcd7262e/docs/checks.md#contributors,project has 11 contributing companies or organizations,10,https://github.com/ossf/scorecard/blob/80ee3ecfedf8b19ab8991713a9fdb2e7dcd7262e/docs/checks.md#dangerous-workflow,no workflows found,-1,https://github.com/ossf/scorecard/blob/80ee3ecfedf8b19ab8991713a9fdb2e7dcd7262e/docs/checks.md#dependency-update-tool,update tool detected,10,https://github.com/ossf/scorecard/blob/80ee3ecfedf8b19ab8991713a9fdb2e7dcd7262e/docs/checks.md#fuzzing,project is not fuzzed,0,https://github.com/ossf/scorecard/blob/80ee3ecfedf8b19ab8991713a9fdb2e7dcd7262e/docs/checks.md#license,license file detected,10,https://github.com/ossf/scorecard/blob/80ee3ecfedf8b19ab8991713a9fdb2e7dcd7262e/docs/checks.md#maintained,0 commit(s) and 0 issue activity found in the last 90 days -- score normalized to 0,0,https://github.com/ossf/scorecard/blob/80ee3ecfedf8b19ab8991713a9fdb2e7dcd7262e/docs/checks.md#packaging,packaging workflow not detected,-1,https://github.com/ossf/scorecard/blob/80ee3ecfedf8b19ab8991713a9fdb2e7dcd7262e/docs/checks.md#pinned-dependencies,dependency not pinned by hash detected -- score normalized to 0,0,https://github.com/ossf/scorecard/blob/80ee3ecfedf8b19ab8991713a9fdb2e7dcd7262e/docs/checks.md#sast,SAST tool is not run on all commits -- score normalized to 0,0,https://github.com/ossf/scorecard/blob/80ee3ecfedf8b19ab8991713a9fdb2e7dcd7262e/docs/checks.md#security-policy,security policy file not detected,0,https://github.com/ossf/scorecard/blob/80ee3ecfedf8b19ab8991713a9fdb2e7dcd7262e/docs/checks.md#signed-releases,Project has not signed or included provenance with any releases.,0,https://github.com/ossf/scorecard/blob/80ee3ecfedf8b19ab8991713a9fdb2e7dcd7262e/docs/checks.md#token-permissions,No tokens found,-1,https://github.com/ossf/scorecard/blob/80ee3ecfedf8b19ab8991713a9fdb2e7dcd7262e/docs/checks.md#vulnerabilities,24 existing vulnerabilities detected,0,True,,,2.7,0.0,success
True,True,,4,4,17952,78,0,0,0,0,0,0,0,0,43,0,102,0,,1,57,"[""JavaScript""]",GPL-3.0,222,False,True,4,partial,Domain-specific agricultural platform,2026-07-02T10:09:08.278753+00:00,LiteFarm,GPL-3.0,complete,LiteFarmOrg,LiteFarm,https://github.com/LiteFarmOrg/LiteFarm,https://github.com/ossf/scorecard/blob/80ee3ecfedf8b19ab8991713a9fdb2e7dcd7262e/docs/checks.md#binary-artifacts,no binaries found in the repo,10,https://github.com/ossf/scorecard/blob/80ee3ecfedf8b19ab8991713a9fdb2e7dcd7262e/docs/checks.md#branch-protection,branch protection is not maximal on development and all release branches,6,https://github.com/ossf/scorecard/blob/80ee3ecfedf8b19ab8991713a9fdb2e7dcd7262e/docs/checks.md#ci-tests,4 out of 4 merged PRs checked by a CI test -- score normalized to 10,10,https://github.com/ossf/scorecard/blob/80ee3ecfedf8b19ab8991713a9fdb2e7dcd7262e/docs/checks.md#cii-best-practices,no effort to earn an OpenSSF best practices badge detected,0,https://github.com/ossf/scorecard/blob/80ee3ecfedf8b19ab8991713a9fdb2e7dcd7262e/docs/checks.md#code-review,all changesets reviewed,10,https://github.com/ossf/scorecard/blob/80ee3ecfedf8b19ab8991713a9fdb2e7dcd7262e/docs/checks.md#contributors,project has 13 contributing companies or organizations,10,https://github.com/ossf/scorecard/blob/80ee3ecfedf8b19ab8991713a9fdb2e7dcd7262e/docs/checks.md#dangerous-workflow,no workflows found,-1,https://github.com/ossf/scorecard/blob/80ee3ecfedf8b19ab8991713a9fdb2e7dcd7262e/docs/checks.md#dependency-update-tool,update tool detected,10,https://github.com/ossf/scorecard/blob/80ee3ecfedf8b19ab8991713a9fdb2e7dcd7262e/docs/checks.md#fuzzing,project is not fuzzed,0,https://github.com/ossf/scorecard/blob/80ee3ecfedf8b19ab8991713a9fdb2e7dcd7262e/docs/checks.md#license,license file detected,10,https://github.com/ossf/scorecard/blob/80ee3ecfedf8b19ab8991713a9fdb2e7dcd7262e/docs/checks.md#maintained,30 commit(s) and 0 issue activity found in the last 90 days -- score normalized to 10,10,https://github.com/ossf/scorecard/blob/80ee3ecfedf8b19ab8991713a9fdb2e7dcd7262e/docs/checks.md#packaging,packaging workflow not detected,-1,https://github.com/ossf/scorecard/blob/80ee3ecfedf8b19ab8991713a9fdb2e7dcd7262e/docs/checks.md#pinned-dependencies,dependency not pinned by hash detected -- score normalized to 0,0,https://github.com/ossf/scorecard/blob/80ee3ecfedf8b19ab8991713a9fdb2e7dcd7262e/docs/checks.md#sast,SAST tool is not run on all commits -- score normalized to 0,0,https://github.com/ossf/scorecard/blob/80ee3ecfedf8b19ab8991713a9fdb2e7dcd7262e/docs/checks.md#security-policy,security policy file not detected,0,https://github.com/ossf/scorecard/blob/80ee3ecfedf8b19ab8991713a9fdb2e7dcd7262e/docs/checks.md#signed-releases,no releases found,-1,https://github.com/ossf/scorecard/blob/80ee3ecfedf8b19ab8991713a9fdb2e7dcd7262e/docs/checks.md#token-permissions,No tokens found,-1,https://github.com/ossf/scorecard/blob/80ee3ecfedf8b19ab8991713a9fdb2e7dcd7262e/docs/checks.md#vulnerabilities,59 existing vulnerabilities detected,0,True,,,5.6,0.0,success
True,True,,4,4,3758,40,0,0,0,0,0,0,0,0,178,0,348,0,,1,34,"[""C#""]",Apache-2.0,919,False,True,5,partial,Field-Deployed Sensor,2026-07-02T10:09:08.278753+00:00,AgOpenGPS,Apache-2.0,complete,AgOpenGPS-Official,AgOpenGPS,https://github.com/AgOpenGPS-Official/AgOpenGPS,https://github.com/ossf/scorecard/blob/80ee3ecfedf8b19ab8991713a9fdb2e7dcd7262e/docs/checks.md#binary-artifacts,no binaries found in the repo,10,https://github.com/ossf/scorecard/blob/80ee3ecfedf8b19ab8991713a9fdb2e7dcd7262e/docs/checks.md#branch-protection,branch protection is not maximal on development and all release branches,8,https://github.com/ossf/scorecard/blob/80ee3ecfedf8b19ab8991713a9fdb2e7dcd7262e/docs/checks.md#ci-tests,12 out of 12 merged PRs checked by a CI test -- score normalized to 10,10,https://github.com/ossf/scorecard/blob/80ee3ecfedf8b19ab8991713a9fdb2e7dcd7262e/docs/checks.md#cii-best-practices,no effort to earn an OpenSSF best practices badge detected,0,https://github.com/ossf/scorecard/blob/80ee3ecfedf8b19ab8991713a9fdb2e7dcd7262e/docs/checks.md#code-review,Found 12/13 approved changesets -- score normalized to 9,9,https://github.com/ossf/scorecard/blob/80ee3ecfedf8b19ab8991713a9fdb2e7dcd7262e/docs/checks.md#contributors,project has 10 contributing companies or organizations,10,https://github.com/ossf/scorecard/blob/80ee3ecfedf8b19ab8991713a9fdb2e7dcd7262e/docs/checks.md#dangerous-workflow,no workflows found,-1,https://github.com/ossf/scorecard/blob/80ee3ecfedf8b19ab8991713a9fdb2e7dcd7262e/docs/checks.md#dependency-update-tool,no update tool detected,0,https://github.com/ossf/scorecard/blob/80ee3ecfedf8b19ab8991713a9fdb2e7dcd7262e/docs/checks.md#fuzzing,project is not fuzzed,0,https://github.com/ossf/scorecard/blob/80ee3ecfedf8b19ab8991713a9fdb2e7dcd7262e/docs/checks.md#license,license file detected,9,https://github.com/ossf/scorecard/blob/80ee3ecfedf8b19ab8991713a9fdb2e7dcd7262e/docs/checks.md#maintained,30 commit(s) and 0 issue activity found in the last 90 days -- score normalized to 10,10,https://github.com/ossf/scorecard/blob/80ee3ecfedf8b19ab8991713a9fdb2e7dcd7262e/docs/checks.md#packaging,packaging workflow not detected,-1,https://github.com/ossf/scorecard/blob/80ee3ecfedf8b19ab8991713a9fdb2e7dcd7262e/docs/checks.md#pinned-dependencies,no dependencies found,-1,https://github.com/ossf/scorecard/blob/80ee3ecfedf8b19ab8991713a9fdb2e7dcd7262e/docs/checks.md#sast,SAST tool is not run on all commits -- score normalized to 0,0,https://github.com/ossf/scorecard/blob/80ee3ecfedf8b19ab8991713a9fdb2e7dcd7262e/docs/checks.md#security-policy,security policy file not detected,0,https://github.com/ossf/scorecard/blob/80ee3ecfedf8b19ab8991713a9fdb2e7dcd7262e/docs/checks.md#signed-releases,Project has not signed or included provenance with any releases.,0,https://github.com/ossf/scorecard/blob/80ee3ecfedf8b19ab8991713a9fdb2e7dcd7262e/docs/checks.md#token-permissions,No tokens found,-1,https://github.com/ossf/scorecard/blob/80ee3ecfedf8b19ab8991713a9fdb2e7dcd7262e/docs/checks.md#vulnerabilities,0 existing vulnerabilities detected,10,True,,,5.5,0.0,success
True,True,,7,7,649,4,1788,227,34,74,0,825,2,82,2,0,88,14,4,2,4,"[""Python""]",MIT,473,False,True,6,partial,Field-Deployed Sensor,2026-07-02T10:09:08.278753+00:00,OpenWeedLocator,MIT,complete,geezacoleman,OpenWeedLocator,https://github.com/geezacoleman/OpenWeedLocator,https://github.com/ossf/scorecard/blob/80ee3ecfedf8b19ab8991713a9fdb2e7dcd7262e/docs/checks.md#binary-artifacts,no binaries found in the repo,10,https://github.com/ossf/scorecard/blob/80ee3ecfedf8b19ab8991713a9fdb2e7dcd7262e/docs/checks.md#branch-protection,branch protection is not maximal on development and all release branches,6,https://github.com/ossf/scorecard/blob/80ee3ecfedf8b19ab8991713a9fdb2e7dcd7262e/docs/checks.md#ci-tests,0 out of 5 merged PRs checked by a CI test -- score normalized to 0,0,https://github.com/ossf/scorecard/blob/80ee3ecfedf8b19ab8991713a9fdb2e7dcd7262e/docs/checks.md#cii-best-practices,no effort to earn an OpenSSF best practices badge detected,0,https://github.com/ossf/scorecard/blob/80ee3ecfedf8b19ab8991713a9fdb2e7dcd7262e/docs/checks.md#code-review,Found 0/7 approved changesets -- score normalized to 0,0,https://github.com/ossf/scorecard/blob/80ee3ecfedf8b19ab8991713a9fdb2e7dcd7262e/docs/checks.md#contributors,project has 0 contributing companies or organizations -- score normalized to 0,0,https://github.com/ossf/scorecard/blob/80ee3ecfedf8b19ab8991713a9fdb2e7dcd7262e/docs/checks.md#dangerous-workflow,no workflows found,-1,https://github.com/ossf/scorecard/blob/80ee3ecfedf8b19ab8991713a9fdb2e7dcd7262e/docs/checks.md#dependency-update-tool,no update tool detected,0,https://github.com/ossf/scorecard/blob/80ee3ecfedf8b19ab8991713a9fdb2e7dcd7262e/docs/checks.md#fuzzing,project is not fuzzed,0,https://github.com/ossf/scorecard/blob/80ee3ecfedf8b19ab8991713a9fdb2e7dcd7262e/docs/checks.md#license,license file detected,10,https://github.com/ossf/scorecard/blob/80ee3ecfedf8b19ab8991713a9fdb2e7dcd7262e/docs/checks.md#maintained,1 commit(s) and 0 issue activity found in the last 90 days -- score normalized to 0,0,https://github.com/ossf/scorecard/blob/80ee3ecfedf8b19ab8991713a9fdb2e7dcd7262e/docs/checks.md#packaging,packaging workflow not detected,-1,https://github.com/ossf/scorecard/blob/80ee3ecfedf8b19ab8991713a9fdb2e7dcd7262e/docs/checks.md#pinned-dependencies,dependency not pinned by hash detected -- score normalized to 0,0,https://github.com/ossf/scorecard/blob/80ee3ecfedf8b19ab8991713a9fdb2e7dcd7262e/docs/checks.md#sast,SAST tool is not run on all commits -- score normalized to 0,0,https://github.com/ossf/scorecard/blob/80ee3ecfedf8b19ab8991713a9fdb2e7dcd7262e/docs/checks.md#security-policy,security policy file not detected,0,https://github.com/ossf/scorecard/blob/80ee3ecfedf8b19ab8991713a9fdb2e7dcd7262e/docs/checks.md#signed-releases,no releases found,-1,https://github.com/ossf/scorecard/blob/80ee3ecfedf8b19ab8991713a9fdb2e7dcd7262e/docs/checks.md#token-permissions,No tokens found,-1,https://github.com/ossf/scorecard/blob/80ee3ecfedf8b19ab8991713a9fdb2e7dcd7262e/docs/checks.md#vulnerabilities,2 existing vulnerabilities detected,8,True,,,2.7,0.0,success
True,True,,4,4,253,1,572,7,0,1,0,139,0,4,10,0,26,0,,1,0,"[""Python""]",GPL-3.0,65,False,True,7,partial,Field-Deployed Sensor,2026-07-02T10:09:08.278753+00:00,InsectDetect,GPL-3.0,complete,maxsitt,insect-detect,https://github.com/maxsitt/insect-detect,https://github.com/ossf/scorecard/blob/80ee3ecfedf8b19ab8991713a9fdb2e7dcd7262e/docs/checks.md#binary-artifacts,no binaries found in the repo,10,https://github.com/ossf/scorecard/blob/80ee3ecfedf8b19ab8991713a9fdb2e7dcd7262e/docs/checks.md#branch-protection,branch protection not enabled on development/release branches,0,https://github.com/ossf/scorecard/blob/80ee3ecfedf8b19ab8991713a9fdb2e7dcd7262e/docs/checks.md#ci-tests,no pull request found,-1,https://github.com/ossf/scorecard/blob/80ee3ecfedf8b19ab8991713a9fdb2e7dcd7262e/docs/checks.md#cii-best-practices,no effort to earn an OpenSSF best practices badge detected,0,https://github.com/ossf/scorecard/blob/80ee3ecfedf8b19ab8991713a9fdb2e7dcd7262e/docs/checks.md#code-review,Found 0/30 approved changesets -- score normalized to 0,0,https://github.com/ossf/scorecard/blob/80ee3ecfedf8b19ab8991713a9fdb2e7dcd7262e/docs/checks.md#contributors,project has 0 contributing companies or organizations -- score normalized to 0,0,https://github.com/ossf/scorecard/blob/80ee3ecfedf8b19ab8991713a9fdb2e7dcd7262e/docs/checks.md#dangerous-workflow,no workflows found,-1,https://github.com/ossf/scorecard/blob/80ee3ecfedf8b19ab8991713a9fdb2e7dcd7262e/docs/checks.md#dependency-update-tool,no update tool detected,0,https://github.com/ossf/scorecard/blob/80ee3ecfedf8b19ab8991713a9fdb2e7dcd7262e/docs/checks.md#fuzzing,project is not fuzzed,0,https://github.com/ossf/scorecard/blob/80ee3ecfedf8b19ab8991713a9fdb2e7dcd7262e/docs/checks.md#license,license file detected,10,https://github.com/ossf/scorecard/blob/80ee3ecfedf8b19ab8991713a9fdb2e7dcd7262e/docs/checks.md#maintained,0 commit(s) and 0 issue activity found in the last 90 days -- score normalized to 0,0,https://github.com/ossf/scorecard/blob/80ee3ecfedf8b19ab8991713a9fdb2e7dcd7262e/docs/checks.md#packaging,packaging workflow not detected,-1,https://github.com/ossf/scorecard/blob/80ee3ecfedf8b19ab8991713a9fdb2e7dcd7262e/docs/checks.md#pinned-dependencies,dependency not pinned by hash detected -- score normalized to 0,0,https://github.com/ossf/scorecard/blob/80ee3ecfedf8b19ab8991713a9fdb2e7dcd7262e/docs/checks.md#sast,no SAST tool detected,0,https://github.com/ossf/scorecard/blob/80ee3ecfedf8b19ab8991713a9fdb2e7dcd7262e/docs/checks.md#security-policy,security policy file not detected,0,https://github.com/ossf/scorecard/blob/80ee3ecfedf8b19ab8991713a9fdb2e7dcd7262e/docs/checks.md#signed-releases,no releases found,-1,https://github.com/ossf/scorecard/blob/80ee3ecfedf8b19ab8991713a9fdb2e7dcd7262e/docs/checks.md#token-permissions,No tokens found,-1,https://github.com/ossf/scorecard/blob/80ee3ecfedf8b19ab8991713a9fdb2e7dcd7262e/docs/checks.md#vulnerabilities,13 existing vulnerabilities detected,0,True,,,1.4,0.0,success
True,True,,4,4,64,1,612,8,0,9,0,153,0,2,0,0,1,2,,1,2,"[""C""]",,3,False,True,8,partial,Field-Deployed Sensor,2026-07-02T10:09:08.278753+00:00,StickyPi Device,,complete,sticky-pi,sticky-pi-device,https://github.com/sticky-pi/sticky-pi-device,https://github.com/ossf/scorecard/blob/80ee3ecfedf8b19ab8991713a9fdb2e7dcd7262e/docs/checks.md#binary-artifacts,no binaries found in the repo,10,https://github.com/ossf/scorecard/blob/80ee3ecfedf8b19ab8991713a9fdb2e7dcd7262e/docs/checks.md#branch-protection,branch protection not enabled on development/release branches,0,https://github.com/ossf/scorecard/blob/80ee3ecfedf8b19ab8991713a9fdb2e7dcd7262e/docs/checks.md#ci-tests,0 out of 1 merged PRs checked by a CI test -- score normalized to 0,0,https://github.com/ossf/scorecard/blob/80ee3ecfedf8b19ab8991713a9fdb2e7dcd7262e/docs/checks.md#cii-best-practices,no effort to earn an OpenSSF best practices badge detected,0,https://github.com/ossf/scorecard/blob/80ee3ecfedf8b19ab8991713a9fdb2e7dcd7262e/docs/checks.md#code-review,Found 0/1 approved changesets -- score normalized to 0,0,https://github.com/ossf/scorecard/blob/80ee3ecfedf8b19ab8991713a9fdb2e7dcd7262e/docs/checks.md#contributors,project has 2 contributing companies or organizations -- score normalized to 6,6,https://github.com/ossf/scorecard/blob/80ee3ecfedf8b19ab8991713a9fdb2e7dcd7262e/docs/checks.md#dangerous-workflow,no workflows found,-1,https://github.com/ossf/scorecard/blob/80ee3ecfedf8b19ab8991713a9fdb2e7dcd7262e/docs/checks.md#dependency-update-tool,no update tool detected,0,https://github.com/ossf/scorecard/blob/80ee3ecfedf8b19ab8991713a9fdb2e7dcd7262e/docs/checks.md#fuzzing,project is not fuzzed,0,https://github.com/ossf/scorecard/blob/80ee3ecfedf8b19ab8991713a9fdb2e7dcd7262e/docs/checks.md#license,license file not detected,0,https://github.com/ossf/scorecard/blob/80ee3ecfedf8b19ab8991713a9fdb2e7dcd7262e/docs/checks.md#maintained,0 commit(s) and 0 issue activity found in the last 90 days -- score normalized to 0,0,https://github.com/ossf/scorecard/blob/80ee3ecfedf8b19ab8991713a9fdb2e7dcd7262e/docs/checks.md#packaging,packaging workflow not detected,-1,https://github.com/ossf/scorecard/blob/80ee3ecfedf8b19ab8991713a9fdb2e7dcd7262e/docs/checks.md#pinned-dependencies,dependency not pinned by hash detected -- score normalized to 0,0,https://github.com/ossf/scorecard/blob/80ee3ecfedf8b19ab8991713a9fdb2e7dcd7262e/docs/checks.md#sast,SAST tool is not run on all commits -- score normalized to 0,0,https://github.com/ossf/scorecard/blob/80ee3ecfedf8b19ab8991713a9fdb2e7dcd7262e/docs/checks.md#security-policy,security policy file not detected,0,https://github.com/ossf/scorecard/blob/80ee3ecfedf8b19ab8991713a9fdb2e7dcd7262e/docs/checks.md#signed-releases,no releases found,-1,https://github.com/ossf/scorecard/blob/80ee3ecfedf8b19ab8991713a9fdb2e7dcd7262e/docs/checks.md#token-permissions,No tokens found,-1,https://github.com/ossf/scorecard/blob/80ee3ecfedf8b19ab8991713a9fdb2e7dcd7262e/docs/checks.md#vulnerabilities,0 existing vulnerabilities detected,10,True,,,2.2,0.0,success
True,True,,4,4,225,3,749,14,0,13,0,446,0,35,0,0,1,6,,1,6,"[""Python""]",,1,False,True,9,partial,Cloud-hosted backends and dashboard,2026-07-02T10:09:08.278753+00:00,StickyPi API,,complete,sticky-pi,sticky-pi-api,https://github.com/sticky-pi/sticky-pi-api,https://github.com/ossf/scorecard/blob/80ee3ecfedf8b19ab8991713a9fdb2e7dcd7262e/docs/checks.md#binary-artifacts,no binaries found in the repo,10,https://github.com/ossf/scorecard/blob/80ee3ecfedf8b19ab8991713a9fdb2e7dcd7262e/docs/checks.md#branch-protection,branch protection not enabled on development/release branches,0,https://github.com/ossf/scorecard/blob/80ee3ecfedf8b19ab8991713a9fdb2e7dcd7262e/docs/checks.md#ci-tests,0 out of 5 merged PRs checked by a CI test -- score normalized to 0,0,https://github.com/ossf/scorecard/blob/80ee3ecfedf8b19ab8991713a9fdb2e7dcd7262e/docs/checks.md#cii-best-practices,no effort to earn an OpenSSF best practices badge detected,0,https://github.com/ossf/scorecard/blob/80ee3ecfedf8b19ab8991713a9fdb2e7dcd7262e/docs/checks.md#code-review,Found 0/7 approved changesets -- score normalized to 0,0,https://github.com/ossf/scorecard/blob/80ee3ecfedf8b19ab8991713a9fdb2e7dcd7262e/docs/checks.md#contributors,project has 2 contributing companies or organizations -- score normalized to 6,6,https://github.com/ossf/scorecard/blob/80ee3ecfedf8b19ab8991713a9fdb2e7dcd7262e/docs/checks.md#dangerous-workflow,no workflows found,-1,https://github.com/ossf/scorecard/blob/80ee3ecfedf8b19ab8991713a9fdb2e7dcd7262e/docs/checks.md#dependency-update-tool,no update tool detected,0,https://github.com/ossf/scorecard/blob/80ee3ecfedf8b19ab8991713a9fdb2e7dcd7262e/docs/checks.md#fuzzing,project is not fuzzed,0,https://github.com/ossf/scorecard/blob/80ee3ecfedf8b19ab8991713a9fdb2e7dcd7262e/docs/checks.md#license,license file not detected,0,https://github.com/ossf/scorecard/blob/80ee3ecfedf8b19ab8991713a9fdb2e7dcd7262e/docs/checks.md#maintained,0 commit(s) and 0 issue activity found in the last 90 days -- score normalized to 0,0,https://github.com/ossf/scorecard/blob/80ee3ecfedf8b19ab8991713a9fdb2e7dcd7262e/docs/checks.md#packaging,packaging workflow not detected,-1,https://github.com/ossf/scorecard/blob/80ee3ecfedf8b19ab8991713a9fdb2e7dcd7262e/docs/checks.md#pinned-dependencies,dependency not pinned by hash detected -- score normalized to 0,0,https://github.com/ossf/scorecard/blob/80ee3ecfedf8b19ab8991713a9fdb2e7dcd7262e/docs/checks.md#sast,SAST tool is not run on all commits -- score normalized to 0,0,https://github.com/ossf/scorecard/blob/80ee3ecfedf8b19ab8991713a9fdb2e7dcd7262e/docs/checks.md#security-policy,security policy file not detected,0,https://github.com/ossf/scorecard/blob/80ee3ecfedf8b19ab8991713a9fdb2e7dcd7262e/docs/checks.md#signed-releases,no releases found,-1,https://github.com/ossf/scorecard/blob/80ee3ecfedf8b19ab8991713a9fdb2e7dcd7262e/docs/checks.md#token-permissions,No tokens found,-1,https://github.com/ossf/scorecard/blob/80ee3ecfedf8b19ab8991713a9fdb2e7dcd7262e/docs/checks.md#vulnerabilities,0 existing vulnerabilities detected,10,True,,,2.2,0.0,success
True,True,,4,4,81,2,428,0,0,0,0,93,0,2,4,0,0,0,,1,0,"[""C++""]",GPL-2.0,4,False,True,10,partial,Field-Deployed Sensor,2026-07-02T10:09:08.278753+00:00,Water Sampler,GPL-2.0,complete,CSU-Agricultural-Water-Quality-Program,low-cost-iot-water-sampler,https://github.com/CSU-Agricultural-Water-Quality-Program/low-cost-iot-water-sampler,https://github.com/ossf/scorecard/blob/80ee3ecfedf8b19ab8991713a9fdb2e7dcd7262e/docs/checks.md#binary-artifacts,binaries present in source code,8,https://github.com/ossf/scorecard/blob/80ee3ecfedf8b19ab8991713a9fdb2e7dcd7262e/docs/checks.md#branch-protection,branch protection not enabled on development/release branches,0,https://github.com/ossf/scorecard/blob/80ee3ecfedf8b19ab8991713a9fdb2e7dcd7262e/docs/checks.md#ci-tests,0 out of 1 merged PRs checked by a CI test -- score normalized to 0,0,https://github.com/ossf/scorecard/blob/80ee3ecfedf8b19ab8991713a9fdb2e7dcd7262e/docs/checks.md#cii-best-practices,no effort to earn an OpenSSF best practices badge detected,0,https://github.com/ossf/scorecard/blob/80ee3ecfedf8b19ab8991713a9fdb2e7dcd7262e/docs/checks.md#code-review,Found 0/18 approved changesets -- score normalized to 0,0,https://github.com/ossf/scorecard/blob/80ee3ecfedf8b19ab8991713a9fdb2e7dcd7262e/docs/checks.md#contributors,project has 1 contributing companies or organizations -- score normalized to 3,3,https://github.com/ossf/scorecard/blob/80ee3ecfedf8b19ab8991713a9fdb2e7dcd7262e/docs/checks.md#dangerous-workflow,no workflows found,-1,https://github.com/ossf/scorecard/blob/80ee3ecfedf8b19ab8991713a9fdb2e7dcd7262e/docs/checks.md#dependency-update-tool,no update tool detected,0,https://github.com/ossf/scorecard/blob/80ee3ecfedf8b19ab8991713a9fdb2e7dcd7262e/docs/checks.md#fuzzing,project is not fuzzed,0,https://github.com/ossf/scorecard/blob/80ee3ecfedf8b19ab8991713a9fdb2e7dcd7262e/docs/checks.md#license,license file detected,10,https://github.com/ossf/scorecard/blob/80ee3ecfedf8b19ab8991713a9fdb2e7dcd7262e/docs/checks.md#maintained,0 commit(s) and 0 issue activity found in the last 90 days -- score normalized to 0,0,https://github.com/ossf/scorecard/blob/80ee3ecfedf8b19ab8991713a9fdb2e7dcd7262e/docs/checks.md#packaging,packaging workflow not detected,-1,https://github.com/ossf/scorecard/blob/80ee3ecfedf8b19ab8991713a9fdb2e7dcd7262e/docs/checks.md#pinned-dependencies,no dependencies found,-1,https://github.com/ossf/scorecard/blob/80ee3ecfedf8b19ab8991713a9fdb2e7dcd7262e/docs/checks.md#sast,SAST tool is not run on all commits -- score normalized to 0,0,https://github.com/ossf/scorecard/blob/80ee3ecfedf8b19ab8991713a9fdb2e7dcd7262e/docs/checks.md#security-policy,security policy file not detected,0,https://github.com/ossf/scorecard/blob/80ee3ecfedf8b19ab8991713a9fdb2e7dcd7262e/docs/checks.md#signed-releases,no releases found,-1,https://github.com/ossf/scorecard/blob/80ee3ecfedf8b19ab8991713a9fdb2e7dcd7262e/docs/checks.md#token-permissions,No tokens found,-1,https://github.com/ossf/scorecard/blob/80ee3ecfedf8b19ab8991713a9fdb2e7dcd7262e/docs/checks.md#vulnerabilities,0 existing vulnerabilities detected,10,True,,,2.4,0.0,success
True,True,,7,7,1410,15,8872,291,62,99,0,199,0,16,0,0,29,13,11,10,12,"[""Perl""]",MIT,101,False,True,11,partial,Field-Deployed Sensor,2026-07-02T10:09:08.278753+00:00,MothBox,MIT,complete,Digital-Naturalism-Laboratories,Mothbox,https://github.com/Digital-Naturalism-Laboratories/Mothbox,https://github.com/ossf/scorecard/blob/80ee3ecfedf8b19ab8991713a9fdb2e7dcd7262e/docs/checks.md#binary-artifacts,binaries present in source code,0,https://github.com/ossf/scorecard/blob/80ee3ecfedf8b19ab8991713a9fdb2e7dcd7262e/docs/checks.md#branch-protection,branch protection not enabled on development/release branches,0,https://github.com/ossf/scorecard/blob/80ee3ecfedf8b19ab8991713a9fdb2e7dcd7262e/docs/checks.md#ci-tests,0 out of 2 merged PRs checked by a CI test -- score normalized to 0,0,https://github.com/ossf/scorecard/blob/80ee3ecfedf8b19ab8991713a9fdb2e7dcd7262e/docs/checks.md#cii-best-practices,no effort to earn an OpenSSF best practices badge detected,0,https://github.com/ossf/scorecard/blob/80ee3ecfedf8b19ab8991713a9fdb2e7dcd7262e/docs/checks.md#code-review,Found 2/28 approved changesets -- score normalized to 0,0,https://github.com/ossf/scorecard/blob/80ee3ecfedf8b19ab8991713a9fdb2e7dcd7262e/docs/checks.md#contributors,project has 3 contributing companies or organizations -- score normalized to 10,10,https://github.com/ossf/scorecard/blob/80ee3ecfedf8b19ab8991713a9fdb2e7dcd7262e/docs/checks.md#dangerous-workflow,no workflows found,-1,https://github.com/ossf/scorecard/blob/80ee3ecfedf8b19ab8991713a9fdb2e7dcd7262e/docs/checks.md#dependency-update-tool,no update tool detected,0,https://github.com/ossf/scorecard/blob/80ee3ecfedf8b19ab8991713a9fdb2e7dcd7262e/docs/checks.md#fuzzing,project is not fuzzed,0,https://github.com/ossf/scorecard/blob/80ee3ecfedf8b19ab8991713a9fdb2e7dcd7262e/docs/checks.md#license,license file detected,10,https://github.com/ossf/scorecard/blob/80ee3ecfedf8b19ab8991713a9fdb2e7dcd7262e/docs/checks.md#maintained,30 commit(s) and 0 issue activity found in the last 90 days -- score normalized to 10,10,https://github.com/ossf/scorecard/blob/80ee3ecfedf8b19ab8991713a9fdb2e7dcd7262e/docs/checks.md#packaging,packaging workflow not detected,-1,https://github.com/ossf/scorecard/blob/80ee3ecfedf8b19ab8991713a9fdb2e7dcd7262e/docs/checks.md#pinned-dependencies,no dependencies found,-1,https://github.com/ossf/scorecard/blob/80ee3ecfedf8b19ab8991713a9fdb2e7dcd7262e/docs/checks.md#sast,SAST tool is not run on all commits -- score normalized to 0,0,https://github.com/ossf/scorecard/blob/80ee3ecfedf8b19ab8991713a9fdb2e7dcd7262e/docs/checks.md#security-policy,security policy file not detected,0,https://github.com/ossf/scorecard/blob/80ee3ecfedf8b19ab8991713a9fdb2e7dcd7262e/docs/checks.md#signed-releases,no releases found,-1,https://github.com/ossf/scorecard/blob/80ee3ecfedf8b19ab8991713a9fdb2e7dcd7262e/docs/checks.md#token-permissions,No tokens found,-1,https://github.com/ossf/scorecard/blob/80ee3ecfedf8b19ab8991713a9fdb2e7dcd7262e/docs/checks.md#vulnerabilities,5 existing vulnerabilities detected,5,True,,,2.3,0.0,success
True,True,,6,6,57,2,1801,1,0,2,0,0,0,0,0,0,31,2,1,0,1,"[""C""]",NOASSERTION,66,False,True,12,partial,Field-Deployed Sensor,2026-07-02T10:09:08.278753+00:00,Laser Weeder,NOASSERTION,complete,Laudando-Associates-LLC,LASER,https://github.com/Laudando-Associates-LLC/LASER,https://github.com/ossf/scorecard/blob/80ee3ecfedf8b19ab8991713a9fdb2e7dcd7262e/docs/checks.md#binary-artifacts,binaries present in source code,0,https://github.com/ossf/scorecard/blob/80ee3ecfedf8b19ab8991713a9fdb2e7dcd7262e/docs/checks.md#branch-protection,branch protection not enabled on development/release branches,0,https://github.com/ossf/scorecard/blob/80ee3ecfedf8b19ab8991713a9fdb2e7dcd7262e/docs/checks.md#ci-tests,no pull request found,-1,https://github.com/ossf/scorecard/blob/80ee3ecfedf8b19ab8991713a9fdb2e7dcd7262e/docs/checks.md#cii-best-practices,"internal error: error during http.Do: Get ""https://www.bestpractices.dev/projects.json?url=https://github.com/Laudando-Associates-LLC/LASER"": Get ""https://www.bestpractices.dev/projects.json?url=https://github.com/Laudando-Associates-LLC/LASER"": dial tcp 151.101.113.55:443: connectex: A connection attempt failed because the connected party did not properly respond after a period of time, or established connection failed because connected host has failed to respond.",-1,https://github.com/ossf/scorecard/blob/80ee3ecfedf8b19ab8991713a9fdb2e7dcd7262e/docs/checks.md#code-review,Found 0/30 approved changesets -- score normalized to 0,0,https://github.com/ossf/scorecard/blob/80ee3ecfedf8b19ab8991713a9fdb2e7dcd7262e/docs/checks.md#contributors,project has 2 contributing companies or organizations -- score normalized to 6,6,https://github.com/ossf/scorecard/blob/80ee3ecfedf8b19ab8991713a9fdb2e7dcd7262e/docs/checks.md#dangerous-workflow,no workflows found,-1,https://github.com/ossf/scorecard/blob/80ee3ecfedf8b19ab8991713a9fdb2e7dcd7262e/docs/checks.md#dependency-update-tool,no update tool detected,0,https://github.com/ossf/scorecard/blob/80ee3ecfedf8b19ab8991713a9fdb2e7dcd7262e/docs/checks.md#fuzzing,project is not fuzzed,0,https://github.com/ossf/scorecard/blob/80ee3ecfedf8b19ab8991713a9fdb2e7dcd7262e/docs/checks.md#license,license file detected,9,https://github.com/ossf/scorecard/blob/80ee3ecfedf8b19ab8991713a9fdb2e7dcd7262e/docs/checks.md#maintained,0 commit(s) and 0 issue activity found in the last 90 days -- score normalized to 0,0,https://github.com/ossf/scorecard/blob/80ee3ecfedf8b19ab8991713a9fdb2e7dcd7262e/docs/checks.md#packaging,packaging workflow not detected,-1,https://github.com/ossf/scorecard/blob/80ee3ecfedf8b19ab8991713a9fdb2e7dcd7262e/docs/checks.md#pinned-dependencies,dependency not pinned by hash detected -- score normalized to 0,0,https://github.com/ossf/scorecard/blob/80ee3ecfedf8b19ab8991713a9fdb2e7dcd7262e/docs/checks.md#sast,no SAST tool detected,0,https://github.com/ossf/scorecard/blob/80ee3ecfedf8b19ab8991713a9fdb2e7dcd7262e/docs/checks.md#security-policy,security policy file not detected,0,https://github.com/ossf/scorecard/blob/80ee3ecfedf8b19ab8991713a9fdb2e7dcd7262e/docs/checks.md#signed-releases,no releases found,-1,https://github.com/ossf/scorecard/blob/80ee3ecfedf8b19ab8991713a9fdb2e7dcd7262e/docs/checks.md#token-permissions,No tokens found,-1,https://github.com/ossf/scorecard/blob/80ee3ecfedf8b19ab8991713a9fdb2e7dcd7262e/docs/checks.md#vulnerabilities,0 existing vulnerabilities detected,10,True,,,1.6,0.0,success
True,True,,6,6,12502,43,0,3602,479,489,0,0,0,0,208,0,355,39,2,1,3,"[""TypeScript""]",MIT,969,False,True,13,partial,Cloud-hosted backends and dashboard,2026-07-02T10:09:08.278753+00:00,FarmBot WebApp,MIT,complete,FarmBot,Farmbot-Web-App,https://github.com/FarmBot/Farmbot-Web-App,https://github.com/ossf/scorecard/blob/80ee3ecfedf8b19ab8991713a9fdb2e7dcd7262e/docs/checks.md#binary-artifacts,binaries present in source code,9,https://github.com/ossf/scorecard/blob/80ee3ecfedf8b19ab8991713a9fdb2e7dcd7262e/docs/checks.md#branch-protection,branch protection is not maximal on development and all release branches,3,https://github.com/ossf/scorecard/blob/80ee3ecfedf8b19ab8991713a9fdb2e7dcd7262e/docs/checks.md#ci-tests,2 out of 2 merged PRs checked by a CI test -- score normalized to 10,10,https://github.com/ossf/scorecard/blob/80ee3ecfedf8b19ab8991713a9fdb2e7dcd7262e/docs/checks.md#cii-best-practices,no effort to earn an OpenSSF best practices badge detected,0,https://github.com/ossf/scorecard/blob/80ee3ecfedf8b19ab8991713a9fdb2e7dcd7262e/docs/checks.md#code-review,Found 0/3 approved changesets -- score normalized to 0,0,https://github.com/ossf/scorecard/blob/80ee3ecfedf8b19ab8991713a9fdb2e7dcd7262e/docs/checks.md#contributors,project has 27 contributing companies or organizations,10,https://github.com/ossf/scorecard/blob/80ee3ecfedf8b19ab8991713a9fdb2e7dcd7262e/docs/checks.md#dangerous-workflow,no workflows found,-1,https://github.com/ossf/scorecard/blob/80ee3ecfedf8b19ab8991713a9fdb2e7dcd7262e/docs/checks.md#dependency-update-tool,no update tool detected,0,https://github.com/ossf/scorecard/blob/80ee3ecfedf8b19ab8991713a9fdb2e7dcd7262e/docs/checks.md#fuzzing,project is not fuzzed,0,https://github.com/ossf/scorecard/blob/80ee3ecfedf8b19ab8991713a9fdb2e7dcd7262e/docs/checks.md#license,license file detected,10,https://github.com/ossf/scorecard/blob/80ee3ecfedf8b19ab8991713a9fdb2e7dcd7262e/docs/checks.md#maintained,30 commit(s) and 0 issue activity found in the last 90 days -- score normalized to 10,10,https://github.com/ossf/scorecard/blob/80ee3ecfedf8b19ab8991713a9fdb2e7dcd7262e/docs/checks.md#packaging,packaging workflow not detected,-1,https://github.com/ossf/scorecard/blob/80ee3ecfedf8b19ab8991713a9fdb2e7dcd7262e/docs/checks.md#pinned-dependencies,dependency not pinned by hash detected -- score normalized to 0,0,https://github.com/ossf/scorecard/blob/80ee3ecfedf8b19ab8991713a9fdb2e7dcd7262e/docs/checks.md#sast,SAST tool is run on all commits,10,https://github.com/ossf/scorecard/blob/80ee3ecfedf8b19ab8991713a9fdb2e7dcd7262e/docs/checks.md#security-policy,security policy file detected,10,https://github.com/ossf/scorecard/blob/80ee3ecfedf8b19ab8991713a9fdb2e7dcd7262e/docs/checks.md#signed-releases,no releases found,-1,https://github.com/ossf/scorecard/blob/80ee3ecfedf8b19ab8991713a9fdb2e7dcd7262e/docs/checks.md#token-permissions,No tokens found,-1,https://github.com/ossf/scorecard/blob/80ee3ecfedf8b19ab8991713a9fdb2e7dcd7262e/docs/checks.md#vulnerabilities,19 existing vulnerabilities detected,0,True,,,4.5,0.0,success
True,True,,3,3,647,13,0,0,0,0,0,0,0,0,0,0,204,0,,1,11,"[""C++""]",MIT,447,False,True,14,partial,Embedded OS substrate,2026-07-02T10:09:08.278753+00:00,FarmBot Firmware,MIT,complete,FarmBot,farmbot-arduino-firmware,https://github.com/FarmBot/farmbot-arduino-firmware,https://github.com/ossf/scorecard/blob/80ee3ecfedf8b19ab8991713a9fdb2e7dcd7262e/docs/checks.md#binary-artifacts,no binaries found in the repo,10,https://github.com/ossf/scorecard/blob/80ee3ecfedf8b19ab8991713a9fdb2e7dcd7262e/docs/checks.md#branch-protection,branch protection is not maximal on development and all release branches,3,https://github.com/ossf/scorecard/blob/80ee3ecfedf8b19ab8991713a9fdb2e7dcd7262e/docs/checks.md#ci-tests,0 out of 1 merged PRs checked by a CI test -- score normalized to 0,0,https://github.com/ossf/scorecard/blob/80ee3ecfedf8b19ab8991713a9fdb2e7dcd7262e/docs/checks.md#cii-best-practices,no effort to earn an OpenSSF best practices badge detected,0,https://github.com/ossf/scorecard/blob/80ee3ecfedf8b19ab8991713a9fdb2e7dcd7262e/docs/checks.md#code-review,Found 0/29 approved changesets -- score normalized to 0,0,https://github.com/ossf/scorecard/blob/80ee3ecfedf8b19ab8991713a9fdb2e7dcd7262e/docs/checks.md#contributors,project has 13 contributing companies or organizations,10,https://github.com/ossf/scorecard/blob/80ee3ecfedf8b19ab8991713a9fdb2e7dcd7262e/docs/checks.md#dangerous-workflow,no workflows found,-1,https://github.com/ossf/scorecard/blob/80ee3ecfedf8b19ab8991713a9fdb2e7dcd7262e/docs/checks.md#dependency-update-tool,no update tool detected,0,https://github.com/ossf/scorecard/blob/80ee3ecfedf8b19ab8991713a9fdb2e7dcd7262e/docs/checks.md#fuzzing,project is not fuzzed,0,https://github.com/ossf/scorecard/blob/80ee3ecfedf8b19ab8991713a9fdb2e7dcd7262e/docs/checks.md#license,license file detected,10,https://github.com/ossf/scorecard/blob/80ee3ecfedf8b19ab8991713a9fdb2e7dcd7262e/docs/checks.md#maintained,0 commit(s) and 0 issue activity found in the last 90 days -- score normalized to 0,0,https://github.com/ossf/scorecard/blob/80ee3ecfedf8b19ab8991713a9fdb2e7dcd7262e/docs/checks.md#packaging,packaging workflow not detected,-1,https://github.com/ossf/scorecard/blob/80ee3ecfedf8b19ab8991713a9fdb2e7dcd7262e/docs/checks.md#pinned-dependencies,no dependencies found,-1,https://github.com/ossf/scorecard/blob/80ee3ecfedf8b19ab8991713a9fdb2e7dcd7262e/docs/checks.md#sast,SAST tool is not run on all commits -- score normalized to 0,0,https://github.com/ossf/scorecard/blob/80ee3ecfedf8b19ab8991713a9fdb2e7dcd7262e/docs/checks.md#security-policy,security policy file detected,10,https://github.com/ossf/scorecard/blob/80ee3ecfedf8b19ab8991713a9fdb2e7dcd7262e/docs/checks.md#signed-releases,no releases found,-1,https://github.com/ossf/scorecard/blob/80ee3ecfedf8b19ab8991713a9fdb2e7dcd7262e/docs/checks.md#token-permissions,No tokens found,-1,https://github.com/ossf/scorecard/blob/80ee3ecfedf8b19ab8991713a9fdb2e7dcd7262e/docs/checks.md#vulnerabilities,0 existing vulnerabilities detected,10,True,,,3.9,0.0,success
True,True,,3,3,6660,22,0,0,0,0,0,0,0,0,0,0,284,0,,1,23,"[""Elixir""]",MIT,1163,False,True,15,partial,Embedded OS substrate,2026-07-02T10:09:08.278753+00:00,FarmBot OS,MIT,complete,FarmBot,farmbot_os,https://github.com/FarmBot/farmbot_os,https://github.com/ossf/scorecard/blob/80ee3ecfedf8b19ab8991713a9fdb2e7dcd7262e/docs/checks.md#binary-artifacts,no binaries found in the repo,10,https://github.com/ossf/scorecard/blob/80ee3ecfedf8b19ab8991713a9fdb2e7dcd7262e/docs/checks.md#branch-protection,branch protection is not maximal on development and all release branches,3,https://github.com/ossf/scorecard/blob/80ee3ecfedf8b19ab8991713a9fdb2e7dcd7262e/docs/checks.md#ci-tests,1 out of 3 merged PRs checked by a CI test -- score normalized to 3,3,https://github.com/ossf/scorecard/blob/80ee3ecfedf8b19ab8991713a9fdb2e7dcd7262e/docs/checks.md#cii-best-practices,no effort to earn an OpenSSF best practices badge detected,0,https://github.com/ossf/scorecard/blob/80ee3ecfedf8b19ab8991713a9fdb2e7dcd7262e/docs/checks.md#code-review,Found 0/3 approved changesets -- score normalized to 0,0,https://github.com/ossf/scorecard/blob/80ee3ecfedf8b19ab8991713a9fdb2e7dcd7262e/docs/checks.md#contributors,project has 20 contributing companies or organizations,10,https://github.com/ossf/scorecard/blob/80ee3ecfedf8b19ab8991713a9fdb2e7dcd7262e/docs/checks.md#dangerous-workflow,no workflows found,-1,https://github.com/ossf/scorecard/blob/80ee3ecfedf8b19ab8991713a9fdb2e7dcd7262e/docs/checks.md#dependency-update-tool,no update tool detected,0,https://github.com/ossf/scorecard/blob/80ee3ecfedf8b19ab8991713a9fdb2e7dcd7262e/docs/checks.md#fuzzing,project is not fuzzed,0,https://github.com/ossf/scorecard/blob/80ee3ecfedf8b19ab8991713a9fdb2e7dcd7262e/docs/checks.md#license,license file detected,10,https://github.com/ossf/scorecard/blob/80ee3ecfedf8b19ab8991713a9fdb2e7dcd7262e/docs/checks.md#maintained,0 commit(s) and 0 issue activity found in the last 90 days -- score normalized to 0,0,https://github.com/ossf/scorecard/blob/80ee3ecfedf8b19ab8991713a9fdb2e7dcd7262e/docs/checks.md#packaging,packaging workflow not detected,-1,https://github.com/ossf/scorecard/blob/80ee3ecfedf8b19ab8991713a9fdb2e7dcd7262e/docs/checks.md#pinned-dependencies,no dependencies found,-1,https://github.com/ossf/scorecard/blob/80ee3ecfedf8b19ab8991713a9fdb2e7dcd7262e/docs/checks.md#sast,SAST tool is not run on all commits -- score normalized to 0,0,https://github.com/ossf/scorecard/blob/80ee3ecfedf8b19ab8991713a9fdb2e7dcd7262e/docs/checks.md#security-policy,security policy file detected,10,https://github.com/ossf/scorecard/blob/80ee3ecfedf8b19ab8991713a9fdb2e7dcd7262e/docs/checks.md#signed-releases,Project has not signed or included provenance with any releases.,0,https://github.com/ossf/scorecard/blob/80ee3ecfedf8b19ab8991713a9fdb2e7dcd7262e/docs/checks.md#token-permissions,No tokens found,-1,https://github.com/ossf/scorecard/blob/80ee3ecfedf8b19ab8991713a9fdb2e7dcd7262e/docs/checks.md#vulnerabilities,2 existing vulnerabilities detected,8,True,,,3.4,0.0,success
False,True,,3,3,3723,127,0,0,0,0,0,0,0,0,0,0,2052,0,,1,31,"[""C""]",MIT,7524,False,True,16,partial,Embedded OS substrate,2026-07-02T10:09:08.278753+00:00,FreeRTOS,MIT,complete,FreeRTOS,FreeRTOS,https://github.com/FreeRTOS/FreeRTOS,https://github.com/ossf/scorecard/blob/80ee3ecfedf8b19ab8991713a9fdb2e7dcd7262e/docs/checks.md#binary-artifacts,binaries present in source code,0,https://github.com/ossf/scorecard/blob/80ee3ecfedf8b19ab8991713a9fdb2e7dcd7262e/docs/checks.md#branch-protection,branch protection is not maximal on development and all release branches,8,https://github.com/ossf/scorecard/blob/80ee3ecfedf8b19ab8991713a9fdb2e7dcd7262e/docs/checks.md#ci-tests,29 out of 29 merged PRs checked by a CI test -- score normalized to 10,10,https://github.com/ossf/scorecard/blob/80ee3ecfedf8b19ab8991713a9fdb2e7dcd7262e/docs/checks.md#cii-best-practices,no effort to earn an OpenSSF best practices badge detected,0,https://github.com/ossf/scorecard/blob/80ee3ecfedf8b19ab8991713a9fdb2e7dcd7262e/docs/checks.md#code-review,all changesets reviewed,10,https://github.com/ossf/scorecard/blob/80ee3ecfedf8b19ab8991713a9fdb2e7dcd7262e/docs/checks.md#contributors,project has 10 contributing companies or organizations,10,https://github.com/ossf/scorecard/blob/80ee3ecfedf8b19ab8991713a9fdb2e7dcd7262e/docs/checks.md#dangerous-workflow,no workflows found,-1,https://github.com/ossf/scorecard/blob/80ee3ecfedf8b19ab8991713a9fdb2e7dcd7262e/docs/checks.md#dependency-update-tool,update tool detected,10,https://github.com/ossf/scorecard/blob/80ee3ecfedf8b19ab8991713a9fdb2e7dcd7262e/docs/checks.md#fuzzing,project is not fuzzed,0,https://github.com/ossf/scorecard/blob/80ee3ecfedf8b19ab8991713a9fdb2e7dcd7262e/docs/checks.md#license,license file detected,10,https://github.com/ossf/scorecard/blob/80ee3ecfedf8b19ab8991713a9fdb2e7dcd7262e/docs/checks.md#maintained,9 commit(s) and 2 issue activity found in the last 90 days -- score normalized to 9,9,https://github.com/ossf/scorecard/blob/80ee3ecfedf8b19ab8991713a9fdb2e7dcd7262e/docs/checks.md#packaging,packaging workflow not detected,-1,https://github.com/ossf/scorecard/blob/80ee3ecfedf8b19ab8991713a9fdb2e7dcd7262e/docs/checks.md#pinned-dependencies,no dependencies found,-1,https://github.com/ossf/scorecard/blob/80ee3ecfedf8b19ab8991713a9fdb2e7dcd7262e/docs/checks.md#sast,SAST tool is not run on all commits -- score normalized to 0,0,https://github.com/ossf/scorecard/blob/80ee3ecfedf8b19ab8991713a9fdb2e7dcd7262e/docs/checks.md#security-policy,security policy file detected,10,https://github.com/ossf/scorecard/blob/80ee3ecfedf8b19ab8991713a9fdb2e7dcd7262e/docs/checks.md#signed-releases,Project has not signed or included provenance with any releases.,0,https://github.com/ossf/scorecard/blob/80ee3ecfedf8b19ab8991713a9fdb2e7dcd7262e/docs/checks.md#token-permissions,No tokens found,-1,https://github.com/ossf/scorecard/blob/80ee3ecfedf8b19ab8991713a9fdb2e7dcd7262e/docs/checks.md#vulnerabilities,5 existing vulnerabilities detected,5,True,,,5.7,0.0,success
True,True,,3,3,927,12,0,0,0,0,0,0,0,0,0,0,131,0,,1,6,"[""C""]",MIT,611,False,True,17,partial,Edge and Gateway software,2026-07-02T10:09:08.278753+00:00,Farm Data Relay System,MIT,complete,timmbogner,Farm-Data-Relay-System,https://github.com/timmbogner/Farm-Data-Relay-System,https://github.com/ossf/scorecard/blob/80ee3ecfedf8b19ab8991713a9fdb2e7dcd7262e/docs/checks.md#binary-artifacts,no binaries found in the repo,10,https://github.com/ossf/scorecard/blob/80ee3ecfedf8b19ab8991713a9fdb2e7dcd7262e/docs/checks.md#branch-protection,branch protection is not maximal on development and all release branches,3,https://github.com/ossf/scorecard/blob/80ee3ecfedf8b19ab8991713a9fdb2e7dcd7262e/docs/checks.md#ci-tests,0 out of 8 merged PRs checked by a CI test -- score normalized to 0,0,https://github.com/ossf/scorecard/blob/80ee3ecfedf8b19ab8991713a9fdb2e7dcd7262e/docs/checks.md#cii-best-practices,no effort to earn an OpenSSF best practices badge detected,0,https://github.com/ossf/scorecard/blob/80ee3ecfedf8b19ab8991713a9fdb2e7dcd7262e/docs/checks.md#code-review,Found 8/9 approved changesets -- score normalized to 8,8,https://github.com/ossf/scorecard/blob/80ee3ecfedf8b19ab8991713a9fdb2e7dcd7262e/docs/checks.md#contributors,project has 0 contributing companies or organizations -- score normalized to 0,0,https://github.com/ossf/scorecard/blob/80ee3ecfedf8b19ab8991713a9fdb2e7dcd7262e/docs/checks.md#dangerous-workflow,no workflows found,-1,https://github.com/ossf/scorecard/blob/80ee3ecfedf8b19ab8991713a9fdb2e7dcd7262e/docs/checks.md#dependency-update-tool,no update tool detected,0,https://github.com/ossf/scorecard/blob/80ee3ecfedf8b19ab8991713a9fdb2e7dcd7262e/docs/checks.md#fuzzing,project is not fuzzed,0,https://github.com/ossf/scorecard/blob/80ee3ecfedf8b19ab8991713a9fdb2e7dcd7262e/docs/checks.md#license,license file detected,10,https://github.com/ossf/scorecard/blob/80ee3ecfedf8b19ab8991713a9fdb2e7dcd7262e/docs/checks.md#maintained,1 commit(s) and 0 issue activity found in the last 90 days -- score normalized to 0,0,https://github.com/ossf/scorecard/blob/80ee3ecfedf8b19ab8991713a9fdb2e7dcd7262e/docs/checks.md#packaging,packaging workflow not detected,-1,https://github.com/ossf/scorecard/blob/80ee3ecfedf8b19ab8991713a9fdb2e7dcd7262e/docs/checks.md#pinned-dependencies,no dependencies found,-1,https://github.com/ossf/scorecard/blob/80ee3ecfedf8b19ab8991713a9fdb2e7dcd7262e/docs/checks.md#sast,SAST tool is not run on all commits -- score normalized to 0,0,https://github.com/ossf/scorecard/blob/80ee3ecfedf8b19ab8991713a9fdb2e7dcd7262e/docs/checks.md#security-policy,security policy file not detected,0,https://github.com/ossf/scorecard/blob/80ee3ecfedf8b19ab8991713a9fdb2e7dcd7262e/docs/checks.md#signed-releases,no releases found,-1,https://github.com/ossf/scorecard/blob/80ee3ecfedf8b19ab8991713a9fdb2e7dcd7262e/docs/checks.md#token-permissions,No tokens found,-1,https://github.com/ossf/scorecard/blob/80ee3ecfedf8b19ab8991713a9fdb2e7dcd7262e/docs/checks.md#vulnerabilities,0 existing vulnerabilities detected,10,True,,,3.7,0.0,success
True,True,,3,3,811,30,0,0,0,0,0,0,0,0,0,0,100,0,,1,49,"[""C++""]",MIT,369,False,True,18,partial,Edge and Gateway software,2026-07-02T10:09:08.278753+00:00,AgIsoStack++,MIT,complete,Open-Agriculture,AgIsoStack-plus-plus,https://github.com/Open-Agriculture/AgIsoStack-plus-plus,https://github.com/ossf/scorecard/blob/80ee3ecfedf8b19ab8991713a9fdb2e7dcd7262e/docs/checks.md#binary-artifacts,binaries present in source code,0,https://github.com/ossf/scorecard/blob/80ee3ecfedf8b19ab8991713a9fdb2e7dcd7262e/docs/checks.md#branch-protection,branch protection is not maximal on development and all release branches,6,https://github.com/ossf/scorecard/blob/80ee3ecfedf8b19ab8991713a9fdb2e7dcd7262e/docs/checks.md#ci-tests,22 out of 22 merged PRs checked by a CI test -- score normalized to 10,10,https://github.com/ossf/scorecard/blob/80ee3ecfedf8b19ab8991713a9fdb2e7dcd7262e/docs/checks.md#cii-best-practices,no effort to earn an OpenSSF best practices badge detected,0,https://github.com/ossf/scorecard/blob/80ee3ecfedf8b19ab8991713a9fdb2e7dcd7262e/docs/checks.md#code-review,all changesets reviewed,10,https://github.com/ossf/scorecard/blob/80ee3ecfedf8b19ab8991713a9fdb2e7dcd7262e/docs/checks.md#contributors,project has 3 contributing companies or organizations -- score normalized to 10,10,https://github.com/ossf/scorecard/blob/80ee3ecfedf8b19ab8991713a9fdb2e7dcd7262e/docs/checks.md#dangerous-workflow,no workflows found,-1,https://github.com/ossf/scorecard/blob/80ee3ecfedf8b19ab8991713a9fdb2e7dcd7262e/docs/checks.md#dependency-update-tool,no update tool detected,0,https://github.com/ossf/scorecard/blob/80ee3ecfedf8b19ab8991713a9fdb2e7dcd7262e/docs/checks.md#fuzzing,project is not fuzzed,0,https://github.com/ossf/scorecard/blob/80ee3ecfedf8b19ab8991713a9fdb2e7dcd7262e/docs/checks.md#license,license file detected,10,https://github.com/ossf/scorecard/blob/80ee3ecfedf8b19ab8991713a9fdb2e7dcd7262e/docs/checks.md#maintained,29 commit(s) and 2 issue activity found in the last 90 days -- score normalized to 10,10,https://github.com/ossf/scorecard/blob/80ee3ecfedf8b19ab8991713a9fdb2e7dcd7262e/docs/checks.md#packaging,packaging workflow not detected,-1,https://github.com/ossf/scorecard/blob/80ee3ecfedf8b19ab8991713a9fdb2e7dcd7262e/docs/checks.md#pinned-dependencies,dependency not pinned by hash detected -- score normalized to 0,0,https://github.com/ossf/scorecard/blob/80ee3ecfedf8b19ab8991713a9fdb2e7dcd7262e/docs/checks.md#sast,SAST tool is not run on all commits -- score normalized to 3,3,https://github.com/ossf/scorecard/blob/80ee3ecfedf8b19ab8991713a9fdb2e7dcd7262e/docs/checks.md#security-policy,security policy file not detected,0,https://github.com/ossf/scorecard/blob/80ee3ecfedf8b19ab8991713a9fdb2e7dcd7262e/docs/checks.md#signed-releases,no releases found,-1,https://github.com/ossf/scorecard/blob/80ee3ecfedf8b19ab8991713a9fdb2e7dcd7262e/docs/checks.md#token-permissions,No tokens found,-1,https://github.com/ossf/scorecard/blob/80ee3ecfedf8b19ab8991713a9fdb2e7dcd7262e/docs/checks.md#vulnerabilities,8 existing vulnerabilities detected,2,True,,,4.0,0.0,success
True,True,,3,3,97,3,0,0,0,0,0,0,0,0,0,0,1,0,,1,1,"[""JavaScript""]",,1,False,True,19,partial,Cloud-hosted backends and dashboard,2026-07-02T10:09:08.278753+00:00,OpenATK FieldWorkApp,,complete,OpenATK,FieldWorkApp,https://github.com/OpenATK/FieldWorkApp,https://github.com/ossf/scorecard/blob/80ee3ecfedf8b19ab8991713a9fdb2e7dcd7262e/docs/checks.md#binary-artifacts,no binaries found in the repo,10,https://github.com/ossf/scorecard/blob/80ee3ecfedf8b19ab8991713a9fdb2e7dcd7262e/docs/checks.md#branch-protection,branch protection not enabled on development/release branches,0,https://github.com/ossf/scorecard/blob/80ee3ecfedf8b19ab8991713a9fdb2e7dcd7262e/docs/checks.md#ci-tests,no pull request found,-1,https://github.com/ossf/scorecard/blob/80ee3ecfedf8b19ab8991713a9fdb2e7dcd7262e/docs/checks.md#cii-best-practices,no effort to earn an OpenSSF best practices badge detected,0,https://github.com/ossf/scorecard/blob/80ee3ecfedf8b19ab8991713a9fdb2e7dcd7262e/docs/checks.md#code-review,Found 0/30 approved changesets -- score normalized to 0,0,https://github.com/ossf/scorecard/blob/80ee3ecfedf8b19ab8991713a9fdb2e7dcd7262e/docs/checks.md#contributors,project has 5 contributing companies or organizations,10,https://github.com/ossf/scorecard/blob/80ee3ecfedf8b19ab8991713a9fdb2e7dcd7262e/docs/checks.md#dangerous-workflow,no workflows found,-1,https://github.com/ossf/scorecard/blob/80ee3ecfedf8b19ab8991713a9fdb2e7dcd7262e/docs/checks.md#dependency-update-tool,no update tool detected,0,https://github.com/ossf/scorecard/blob/80ee3ecfedf8b19ab8991713a9fdb2e7dcd7262e/docs/checks.md#fuzzing,project is not fuzzed,0,https://github.com/ossf/scorecard/blob/80ee3ecfedf8b19ab8991713a9fdb2e7dcd7262e/docs/checks.md#license,license file not detected,0,https://github.com/ossf/scorecard/blob/80ee3ecfedf8b19ab8991713a9fdb2e7dcd7262e/docs/checks.md#maintained,0 commit(s) and 0 issue activity found in the last 90 days -- score normalized to 0,0,https://github.com/ossf/scorecard/blob/80ee3ecfedf8b19ab8991713a9fdb2e7dcd7262e/docs/checks.md#packaging,packaging workflow not detected,-1,https://github.com/ossf/scorecard/blob/80ee3ecfedf8b19ab8991713a9fdb2e7dcd7262e/docs/checks.md#pinned-dependencies,no dependencies found,-1,https://github.com/ossf/scorecard/blob/80ee3ecfedf8b19ab8991713a9fdb2e7dcd7262e/docs/checks.md#sast,no SAST tool detected,0,https://github.com/ossf/scorecard/blob/80ee3ecfedf8b19ab8991713a9fdb2e7dcd7262e/docs/checks.md#security-policy,security policy file not detected,0,https://github.com/ossf/scorecard/blob/80ee3ecfedf8b19ab8991713a9fdb2e7dcd7262e/docs/checks.md#signed-releases,no releases found,-1,https://github.com/ossf/scorecard/blob/80ee3ecfedf8b19ab8991713a9fdb2e7dcd7262e/docs/checks.md#token-permissions,No tokens found,-1,https://github.com/ossf/scorecard/blob/80ee3ecfedf8b19ab8991713a9fdb2e7dcd7262e/docs/checks.md#vulnerabilities,176 existing vulnerabilities detected,0,True,,,1.5,0.0,success
True,True,,3,3,614,5,0,0,0,0,0,0,0,0,0,0,1,0,,1,22,"[""TypeScript""]",MIT,12,False,True,20,partial,Cloud-hosted backends and dashboard,2026-07-02T10:09:08.278753+00:00,PeaPod,MIT,complete,PeaPodTechnologies,PeaPod,https://github.com/PeaPodTechnologies/PeaPod,https://github.com/ossf/scorecard/blob/80ee3ecfedf8b19ab8991713a9fdb2e7dcd7262e/docs/checks.md#binary-artifacts,no binaries found in the repo,10,https://github.com/ossf/scorecard/blob/80ee3ecfedf8b19ab8991713a9fdb2e7dcd7262e/docs/checks.md#branch-protection,branch protection is not maximal on development and all release branches,2,https://github.com/ossf/scorecard/blob/80ee3ecfedf8b19ab8991713a9fdb2e7dcd7262e/docs/checks.md#ci-tests,0 out of 1 merged PRs checked by a CI test -- score normalized to 0,0,https://github.com/ossf/scorecard/blob/80ee3ecfedf8b19ab8991713a9fdb2e7dcd7262e/docs/checks.md#cii-best-practices,internal error: error during json parsing: error during json.Unmarshal: invalid character '<' looking for beginning of value,-1,https://github.com/ossf/scorecard/blob/80ee3ecfedf8b19ab8991713a9fdb2e7dcd7262e/docs/checks.md#code-review,Found 0/30 approved changesets -- score normalized to 0,0,https://github.com/ossf/scorecard/blob/80ee3ecfedf8b19ab8991713a9fdb2e7dcd7262e/docs/checks.md#contributors,project has 4 contributing companies or organizations,10,https://github.com/ossf/scorecard/blob/80ee3ecfedf8b19ab8991713a9fdb2e7dcd7262e/docs/checks.md#dangerous-workflow,no workflows found,-1,https://github.com/ossf/scorecard/blob/80ee3ecfedf8b19ab8991713a9fdb2e7dcd7262e/docs/checks.md#dependency-update-tool,no update tool detected,0,https://github.com/ossf/scorecard/blob/80ee3ecfedf8b19ab8991713a9fdb2e7dcd7262e/docs/checks.md#fuzzing,project is not fuzzed,0,https://github.com/ossf/scorecard/blob/80ee3ecfedf8b19ab8991713a9fdb2e7dcd7262e/docs/checks.md#license,license file detected,10,https://github.com/ossf/scorecard/blob/80ee3ecfedf8b19ab8991713a9fdb2e7dcd7262e/docs/checks.md#maintained,0 commit(s) and 0 issue activity found in the last 90 days -- score normalized to 0,0,https://github.com/ossf/scorecard/blob/80ee3ecfedf8b19ab8991713a9fdb2e7dcd7262e/docs/checks.md#packaging,packaging workflow not detected,-1,https://github.com/ossf/scorecard/blob/80ee3ecfedf8b19ab8991713a9fdb2e7dcd7262e/docs/checks.md#pinned-dependencies,no dependencies found,-1,https://github.com/ossf/scorecard/blob/80ee3ecfedf8b19ab8991713a9fdb2e7dcd7262e/docs/checks.md#sast,SAST tool is not run on all commits -- score normalized to 0,0,https://github.com/ossf/scorecard/blob/80ee3ecfedf8b19ab8991713a9fdb2e7dcd7262e/docs/checks.md#security-policy,security policy file not detected,0,https://github.com/ossf/scorecard/blob/80ee3ecfedf8b19ab8991713a9fdb2e7dcd7262e/docs/checks.md#signed-releases,Project has not signed or included provenance with any releases.,0,https://github.com/ossf/scorecard/blob/80ee3ecfedf8b19ab8991713a9fdb2e7dcd7262e/docs/checks.md#token-permissions,No tokens found,-1,https://github.com/ossf/scorecard/blob/80ee3ecfedf8b19ab8991713a9fdb2e7dcd7262e/docs/checks.md#vulnerabilities,31 existing vulnerabilities detected,0,True,,,1.9,0.0,success
True,True,,3,3,23192,76,0,0,0,0,0,0,0,0,0,0,170,0,,1,9,"[""Ruby""]",AGPL-3.0,484,False,True,21,partial,Domain-specific agricultural platform,2026-07-02T10:09:08.278753+00:00,Ekylibre,AGPL-3.0,complete,ekylibre,ekylibre,https://github.com/ekylibre/ekylibre,https://github.com/ossf/scorecard/blob/80ee3ecfedf8b19ab8991713a9fdb2e7dcd7262e/docs/checks.md#binary-artifacts,no binaries found in the repo,10,https://github.com/ossf/scorecard/blob/80ee3ecfedf8b19ab8991713a9fdb2e7dcd7262e/docs/checks.md#branch-protection,branch protection is not maximal on development and all release branches,1,https://github.com/ossf/scorecard/blob/80ee3ecfedf8b19ab8991713a9fdb2e7dcd7262e/docs/checks.md#ci-tests,no pull request found,-1,https://github.com/ossf/scorecard/blob/80ee3ecfedf8b19ab8991713a9fdb2e7dcd7262e/docs/checks.md#cii-best-practices,no effort to earn an OpenSSF best practices badge detected,0,https://github.com/ossf/scorecard/blob/80ee3ecfedf8b19ab8991713a9fdb2e7dcd7262e/docs/checks.md#code-review,Found 0/30 approved changesets -- score normalized to 0,0,https://github.com/ossf/scorecard/blob/80ee3ecfedf8b19ab8991713a9fdb2e7dcd7262e/docs/checks.md#contributors,project has 6 contributing companies or organizations,10,https://github.com/ossf/scorecard/blob/80ee3ecfedf8b19ab8991713a9fdb2e7dcd7262e/docs/checks.md#dangerous-workflow,no dangerous workflow patterns detected,10,https://github.com/ossf/scorecard/blob/80ee3ecfedf8b19ab8991713a9fdb2e7dcd7262e/docs/checks.md#dependency-update-tool,no update tool detected,0,https://github.com/ossf/scorecard/blob/80ee3ecfedf8b19ab8991713a9fdb2e7dcd7262e/docs/checks.md#fuzzing,project is not fuzzed,0,https://github.com/ossf/scorecard/blob/80ee3ecfedf8b19ab8991713a9fdb2e7dcd7262e/docs/checks.md#license,license file detected,10,https://github.com/ossf/scorecard/blob/80ee3ecfedf8b19ab8991713a9fdb2e7dcd7262e/docs/checks.md#maintained,0 commit(s) and 0 issue activity found in the last 90 days -- score normalized to 0,0,https://github.com/ossf/scorecard/blob/80ee3ecfedf8b19ab8991713a9fdb2e7dcd7262e/docs/checks.md#packaging,packaging workflow not detected,-1,https://github.com/ossf/scorecard/blob/80ee3ecfedf8b19ab8991713a9fdb2e7dcd7262e/docs/checks.md#pinned-dependencies,dependency not pinned by hash detected -- score normalized to 0,0,https://github.com/ossf/scorecard/blob/80ee3ecfedf8b19ab8991713a9fdb2e7dcd7262e/docs/checks.md#sast,SAST tool detected: CodeQL,10,https://github.com/ossf/scorecard/blob/80ee3ecfedf8b19ab8991713a9fdb2e7dcd7262e/docs/checks.md#security-policy,security policy file not detected,0,https://github.com/ossf/scorecard/blob/80ee3ecfedf8b19ab8991713a9fdb2e7dcd7262e/docs/checks.md#signed-releases,no releases found,-1,https://github.com/ossf/scorecard/blob/80ee3ecfedf8b19ab8991713a9fdb2e7dcd7262e/docs/checks.md#token-permissions,detected GitHub workflow tokens with excessive permissions,9,https://github.com/ossf/scorecard/blob/80ee3ecfedf8b19ab8991713a9fdb2e7dcd7262e/docs/checks.md#vulnerabilities,195 existing vulnerabilities detected,0,True,,,3.9,0.0,success
True,True,,3,3,492,25,0,0,0,0,0,0,0,0,0,0,186,0,,1,27,"[""C++""]",BSD-3-Clause,834,False,True,22,partial,Cloud-hosted backends and dashboard,2026-07-02T10:09:08.278753+00:00,Fields2Cover,BSD-3-Clause,complete,Fields2Cover,Fields2Cover,https://github.com/Fields2Cover/Fields2Cover,https://github.com/ossf/scorecard/blob/80ee3ecfedf8b19ab8991713a9fdb2e7dcd7262e/docs/checks.md#binary-artifacts,no binaries found in the repo,10,https://github.com/ossf/scorecard/blob/80ee3ecfedf8b19ab8991713a9fdb2e7dcd7262e/docs/checks.md#branch-protection,branch protection not enabled on development/release branches,0,https://github.com/ossf/scorecard/blob/80ee3ecfedf8b19ab8991713a9fdb2e7dcd7262e/docs/checks.md#ci-tests,6 out of 8 merged PRs checked by a CI test -- score normalized to 7,7,https://github.com/ossf/scorecard/blob/80ee3ecfedf8b19ab8991713a9fdb2e7dcd7262e/docs/checks.md#cii-best-practices,no effort to earn an OpenSSF best practices badge detected,0,https://github.com/ossf/scorecard/blob/80ee3ecfedf8b19ab8991713a9fdb2e7dcd7262e/docs/checks.md#code-review,Found 5/19 approved changesets -- score normalized to 2,2,https://github.com/ossf/scorecard/blob/80ee3ecfedf8b19ab8991713a9fdb2e7dcd7262e/docs/checks.md#contributors,project has 14 contributing companies or organizations,10,https://github.com/ossf/scorecard/blob/80ee3ecfedf8b19ab8991713a9fdb2e7dcd7262e/docs/checks.md#dangerous-workflow,no workflows found,-1,https://github.com/ossf/scorecard/blob/80ee3ecfedf8b19ab8991713a9fdb2e7dcd7262e/docs/checks.md#dependency-update-tool,no update tool detected,0,https://github.com/ossf/scorecard/blob/80ee3ecfedf8b19ab8991713a9fdb2e7dcd7262e/docs/checks.md#fuzzing,project is not fuzzed,0,https://github.com/ossf/scorecard/blob/80ee3ecfedf8b19ab8991713a9fdb2e7dcd7262e/docs/checks.md#license,license file detected,10,https://github.com/ossf/scorecard/blob/80ee3ecfedf8b19ab8991713a9fdb2e7dcd7262e/docs/checks.md#maintained,3 commit(s) and 1 issue activity found in the last 90 days -- score normalized to 3,3,https://github.com/ossf/scorecard/blob/80ee3ecfedf8b19ab8991713a9fdb2e7dcd7262e/docs/checks.md#packaging,packaging workflow not detected,-1,https://github.com/ossf/scorecard/blob/80ee3ecfedf8b19ab8991713a9fdb2e7dcd7262e/docs/checks.md#pinned-dependencies,dependency not pinned by hash detected -- score normalized to 0,0,https://github.com/ossf/scorecard/blob/80ee3ecfedf8b19ab8991713a9fdb2e7dcd7262e/docs/checks.md#sast,SAST tool is not run on all commits -- score normalized to 0,0,https://github.com/ossf/scorecard/blob/80ee3ecfedf8b19ab8991713a9fdb2e7dcd7262e/docs/checks.md#security-policy,security policy file not detected,0,https://github.com/ossf/scorecard/blob/80ee3ecfedf8b19ab8991713a9fdb2e7dcd7262e/docs/checks.md#signed-releases,Project has not signed or included provenance with any releases.,0,https://github.com/ossf/scorecard/blob/80ee3ecfedf8b19ab8991713a9fdb2e7dcd7262e/docs/checks.md#token-permissions,No tokens found,-1,https://github.com/ossf/scorecard/blob/80ee3ecfedf8b19ab8991713a9fdb2e7dcd7262e/docs/checks.md#vulnerabilities,0 existing vulnerabilities detected,10,True,,,3.1,0.0,success
True,True,,3,3,132,3,0,0,0,0,0,0,0,0,0,0,3,0,,1,17,"[""JavaScript""]",MIT,15,False,True,23,partial,Embedded OS substrate,2026-07-02T10:09:08.278753+00:00,SpeedSeed3,MIT,complete,GrowCab,SpeedSeed3,https://github.com/GrowCab/SpeedSeed3,https://github.com/ossf/scorecard/blob/80ee3ecfedf8b19ab8991713a9fdb2e7dcd7262e/docs/checks.md#binary-artifacts,no binaries found in the repo,10,https://github.com/ossf/scorecard/blob/80ee3ecfedf8b19ab8991713a9fdb2e7dcd7262e/docs/checks.md#branch-protection,branch protection not enabled on development/release branches,0,https://github.com/ossf/scorecard/blob/80ee3ecfedf8b19ab8991713a9fdb2e7dcd7262e/docs/checks.md#ci-tests,0 out of 1 merged PRs checked by a CI test -- score normalized to 0,0,https://github.com/ossf/scorecard/blob/80ee3ecfedf8b19ab8991713a9fdb2e7dcd7262e/docs/checks.md#cii-best-practices,no effort to earn an OpenSSF best practices badge detected,0,https://github.com/ossf/scorecard/blob/80ee3ecfedf8b19ab8991713a9fdb2e7dcd7262e/docs/checks.md#code-review,Found 0/23 approved changesets -- score normalized to 0,0,https://github.com/ossf/scorecard/blob/80ee3ecfedf8b19ab8991713a9fdb2e7dcd7262e/docs/checks.md#contributors,project has 7 contributing companies or organizations,10,https://github.com/ossf/scorecard/blob/80ee3ecfedf8b19ab8991713a9fdb2e7dcd7262e/docs/checks.md#dangerous-workflow,no workflows found,-1,https://github.com/ossf/scorecard/blob/80ee3ecfedf8b19ab8991713a9fdb2e7dcd7262e/docs/checks.md#dependency-update-tool,no update tool detected,0,https://github.com/ossf/scorecard/blob/80ee3ecfedf8b19ab8991713a9fdb2e7dcd7262e/docs/checks.md#fuzzing,project is not fuzzed,0,https://github.com/ossf/scorecard/blob/80ee3ecfedf8b19ab8991713a9fdb2e7dcd7262e/docs/checks.md#license,license file detected,10,https://github.com/ossf/scorecard/blob/80ee3ecfedf8b19ab8991713a9fdb2e7dcd7262e/docs/checks.md#maintained,0 commit(s) and 0 issue activity found in the last 90 days -- score normalized to 0,0,https://github.com/ossf/scorecard/blob/80ee3ecfedf8b19ab8991713a9fdb2e7dcd7262e/docs/checks.md#packaging,packaging workflow not detected,-1,https://github.com/ossf/scorecard/blob/80ee3ecfedf8b19ab8991713a9fdb2e7dcd7262e/docs/checks.md#pinned-dependencies,dependency not pinned by hash detected -- score normalized to 0,0,https://github.com/ossf/scorecard/blob/80ee3ecfedf8b19ab8991713a9fdb2e7dcd7262e/docs/checks.md#sast,SAST tool is not run on all commits -- score normalized to 0,0,https://github.com/ossf/scorecard/blob/80ee3ecfedf8b19ab8991713a9fdb2e7dcd7262e/docs/checks.md#security-policy,security policy file not detected,0,https://github.com/ossf/scorecard/blob/80ee3ecfedf8b19ab8991713a9fdb2e7dcd7262e/docs/checks.md#signed-releases,no releases found,-1,https://github.com/ossf/scorecard/blob/80ee3ecfedf8b19ab8991713a9fdb2e7dcd7262e/docs/checks.md#token-permissions,No tokens found,-1,https://github.com/ossf/scorecard/blob/80ee3ecfedf8b19ab8991713a9fdb2e7dcd7262e/docs/checks.md#vulnerabilities,21 existing vulnerabilities detected,0,True,,,1.7,0.0,success
True,True,,3,3,525,11,0,0,0,0,0,0,0,0,0,0,9,0,,1,47,"[""Python""]",MIT,24,False,True,24,partial,Edge and Gateway software,2026-07-02T10:09:08.278753+00:00,IsoBlue,MIT,complete,oats-center,isoblue,https://github.com/oats-center/isoblue,https://github.com/ossf/scorecard/blob/80ee3ecfedf8b19ab8991713a9fdb2e7dcd7262e/docs/checks.md#binary-artifacts,no binaries found in the repo,10,https://github.com/ossf/scorecard/blob/80ee3ecfedf8b19ab8991713a9fdb2e7dcd7262e/docs/checks.md#branch-protection,branch protection not enabled on development/release branches,0,https://github.com/ossf/scorecard/blob/80ee3ecfedf8b19ab8991713a9fdb2e7dcd7262e/docs/checks.md#ci-tests,0 out of 12 merged PRs checked by a CI test -- score normalized to 0,0,https://github.com/ossf/scorecard/blob/80ee3ecfedf8b19ab8991713a9fdb2e7dcd7262e/docs/checks.md#cii-best-practices,no effort to earn an OpenSSF best practices badge detected,0,https://github.com/ossf/scorecard/blob/80ee3ecfedf8b19ab8991713a9fdb2e7dcd7262e/docs/checks.md#code-review,Found 5/14 approved changesets -- score normalized to 3,3,https://github.com/ossf/scorecard/blob/80ee3ecfedf8b19ab8991713a9fdb2e7dcd7262e/docs/checks.md#contributors,project has 11 contributing companies or organizations,10,https://github.com/ossf/scorecard/blob/80ee3ecfedf8b19ab8991713a9fdb2e7dcd7262e/docs/checks.md#dangerous-workflow,no workflows found,-1,https://github.com/ossf/scorecard/blob/80ee3ecfedf8b19ab8991713a9fdb2e7dcd7262e/docs/checks.md#dependency-update-tool,update tool detected,10,https://github.com/ossf/scorecard/blob/80ee3ecfedf8b19ab8991713a9fdb2e7dcd7262e/docs/checks.md#fuzzing,project is not fuzzed,0,https://github.com/ossf/scorecard/blob/80ee3ecfedf8b19ab8991713a9fdb2e7dcd7262e/docs/checks.md#license,license file detected,10,https://github.com/ossf/scorecard/blob/80ee3ecfedf8b19ab8991713a9fdb2e7dcd7262e/docs/checks.md#maintained,0 commit(s) and 0 issue activity found in the last 90 days -- score normalized to 0,0,https://github.com/ossf/scorecard/blob/80ee3ecfedf8b19ab8991713a9fdb2e7dcd7262e/docs/checks.md#packaging,packaging workflow not detected,-1,https://github.com/ossf/scorecard/blob/80ee3ecfedf8b19ab8991713a9fdb2e7dcd7262e/docs/checks.md#pinned-dependencies,dependency not pinned by hash detected -- score normalized to 0,0,https://github.com/ossf/scorecard/blob/80ee3ecfedf8b19ab8991713a9fdb2e7dcd7262e/docs/checks.md#sast,SAST tool is not run on all commits -- score normalized to 0,0,https://github.com/ossf/scorecard/blob/80ee3ecfedf8b19ab8991713a9fdb2e7dcd7262e/docs/checks.md#security-policy,security policy file not detected,0,https://github.com/ossf/scorecard/blob/80ee3ecfedf8b19ab8991713a9fdb2e7dcd7262e/docs/checks.md#signed-releases,no releases found,-1,https://github.com/ossf/scorecard/blob/80ee3ecfedf8b19ab8991713a9fdb2e7dcd7262e/docs/checks.md#token-permissions,No tokens found,-1,https://github.com/ossf/scorecard/blob/80ee3ecfedf8b19ab8991713a9fdb2e7dcd7262e/docs/checks.md#vulnerabilities,44 existing vulnerabilities detected,0,True,,,3.0,0.0,success
True,True,,3,3,3918,27,0,0,0,0,0,0,0,0,0,0,40,0,,1,23,"[""HTML""]",NOASSERTION,131,False,True,25,partial,Cloud-hosted backends and dashboard,2026-07-02T10:09:08.278753+00:00,Sen2Agri-System,NOASSERTION,complete,Sen2Agri,Sen2Agri-System,https://github.com/Sen2Agri/Sen2Agri-System,https://github.com/ossf/scorecard/blob/80ee3ecfedf8b19ab8991713a9fdb2e7dcd7262e/docs/checks.md#binary-artifacts,binaries present in source code,0,https://github.com/ossf/scorecard/blob/80ee3ecfedf8b19ab8991713a9fdb2e7dcd7262e/docs/checks.md#branch-protection,branch protection not enabled on development/release branches,0,https://github.com/ossf/scorecard/blob/80ee3ecfedf8b19ab8991713a9fdb2e7dcd7262e/docs/checks.md#ci-tests,no pull request found,-1,https://github.com/ossf/scorecard/blob/80ee3ecfedf8b19ab8991713a9fdb2e7dcd7262e/docs/checks.md#cii-best-practices,no effort to earn an OpenSSF best practices badge detected,0,https://github.com/ossf/scorecard/blob/80ee3ecfedf8b19ab8991713a9fdb2e7dcd7262e/docs/checks.md#code-review,Found 0/30 approved changesets -- score normalized to 0,0,https://github.com/ossf/scorecard/blob/80ee3ecfedf8b19ab8991713a9fdb2e7dcd7262e/docs/checks.md#contributors,project has 10 contributing companies or organizations,10,https://github.com/ossf/scorecard/blob/80ee3ecfedf8b19ab8991713a9fdb2e7dcd7262e/docs/checks.md#dangerous-workflow,no workflows found,-1,https://github.com/ossf/scorecard/blob/80ee3ecfedf8b19ab8991713a9fdb2e7dcd7262e/docs/checks.md#dependency-update-tool,no update tool detected,0,https://github.com/ossf/scorecard/blob/80ee3ecfedf8b19ab8991713a9fdb2e7dcd7262e/docs/checks.md#fuzzing,project is not fuzzed,0,https://github.com/ossf/scorecard/blob/80ee3ecfedf8b19ab8991713a9fdb2e7dcd7262e/docs/checks.md#license,license file detected,9,https://github.com/ossf/scorecard/blob/80ee3ecfedf8b19ab8991713a9fdb2e7dcd7262e/docs/checks.md#maintained,0 commit(s) and 0 issue activity found in the last 90 days -- score normalized to 0,0,https://github.com/ossf/scorecard/blob/80ee3ecfedf8b19ab8991713a9fdb2e7dcd7262e/docs/checks.md#packaging,packaging workflow not detected,-1,https://github.com/ossf/scorecard/blob/80ee3ecfedf8b19ab8991713a9fdb2e7dcd7262e/docs/checks.md#pinned-dependencies,dependency not pinned by hash detected -- score normalized to 0,0,https://github.com/ossf/scorecard/blob/80ee3ecfedf8b19ab8991713a9fdb2e7dcd7262e/docs/checks.md#sast,no SAST tool detected,0,https://github.com/ossf/scorecard/blob/80ee3ecfedf8b19ab8991713a9fdb2e7dcd7262e/docs/checks.md#security-policy,security policy file not detected,0,https://github.com/ossf/scorecard/blob/80ee3ecfedf8b19ab8991713a9fdb2e7dcd7262e/docs/checks.md#signed-releases,no releases found,-1,https://github.com/ossf/scorecard/blob/80ee3ecfedf8b19ab8991713a9fdb2e7dcd7262e/docs/checks.md#token-permissions,No tokens found,-1,https://github.com/ossf/scorecard/blob/80ee3ecfedf8b19ab8991713a9fdb2e7dcd7262e/docs/checks.md#vulnerabilities,0 existing vulnerabilities detected,10,True,,,1.7,0.0,success
False,True,,3,3,3498,113,0,0,0,0,0,0,0,0,0,0,1184,0,,1,40,"[""Python""]",AGPL-3.0,4014,False,True,26,partial,Cloud-hosted backends and dashboard,2026-07-02T10:09:08.278753+00:00,WebODM,AGPL-3.0,complete,OpenDroneMap,WebODM,https://github.com/OpenDroneMap/WebODM,https://github.com/ossf/scorecard/blob/80ee3ecfedf8b19ab8991713a9fdb2e7dcd7262e/docs/checks.md#binary-artifacts,binaries present in source code,9,https://github.com/ossf/scorecard/blob/80ee3ecfedf8b19ab8991713a9fdb2e7dcd7262e/docs/checks.md#branch-protection,branch protection is not maximal on development and all release branches,3,https://github.com/ossf/scorecard/blob/80ee3ecfedf8b19ab8991713a9fdb2e7dcd7262e/docs/checks.md#ci-tests,4 out of 4 merged PRs checked by a CI test -- score normalized to 10,10,https://github.com/ossf/scorecard/blob/80ee3ecfedf8b19ab8991713a9fdb2e7dcd7262e/docs/checks.md#cii-best-practices,no effort to earn an OpenSSF best practices badge detected,0,https://github.com/ossf/scorecard/blob/80ee3ecfedf8b19ab8991713a9fdb2e7dcd7262e/docs/checks.md#code-review,Found 1/7 approved changesets -- score normalized to 1,1,https://github.com/ossf/scorecard/blob/80ee3ecfedf8b19ab8991713a9fdb2e7dcd7262e/docs/checks.md#contributors,project has 32 contributing companies or organizations,10,https://github.com/ossf/scorecard/blob/80ee3ecfedf8b19ab8991713a9fdb2e7dcd7262e/docs/checks.md#dangerous-workflow,no workflows found,-1,https://github.com/ossf/scorecard/blob/80ee3ecfedf8b19ab8991713a9fdb2e7dcd7262e/docs/checks.md#dependency-update-tool,update tool detected,10,https://github.com/ossf/scorecard/blob/80ee3ecfedf8b19ab8991713a9fdb2e7dcd7262e/docs/checks.md#fuzzing,project is not fuzzed,0,https://github.com/ossf/scorecard/blob/80ee3ecfedf8b19ab8991713a9fdb2e7dcd7262e/docs/checks.md#license,license file detected,10,https://github.com/ossf/scorecard/blob/80ee3ecfedf8b19ab8991713a9fdb2e7dcd7262e/docs/checks.md#maintained,30 commit(s) and 21 issue activity found in the last 90 days -- score normalized to 10,10,https://github.com/ossf/scorecard/blob/80ee3ecfedf8b19ab8991713a9fdb2e7dcd7262e/docs/checks.md#packaging,packaging workflow not detected,-1,https://github.com/ossf/scorecard/blob/80ee3ecfedf8b19ab8991713a9fdb2e7dcd7262e/docs/checks.md#pinned-dependencies,dependency not pinned by hash detected -- score normalized to 0,0,https://github.com/ossf/scorecard/blob/80ee3ecfedf8b19ab8991713a9fdb2e7dcd7262e/docs/checks.md#sast,SAST tool is not run on all commits -- score normalized to 0,0,https://github.com/ossf/scorecard/blob/80ee3ecfedf8b19ab8991713a9fdb2e7dcd7262e/docs/checks.md#security-policy,security policy file detected,10,https://github.com/ossf/scorecard/blob/80ee3ecfedf8b19ab8991713a9fdb2e7dcd7262e/docs/checks.md#signed-releases,Project has not signed or included provenance with any releases.,0,https://github.com/ossf/scorecard/blob/80ee3ecfedf8b19ab8991713a9fdb2e7dcd7262e/docs/checks.md#token-permissions,No tokens found,-1,https://github.com/ossf/scorecard/blob/80ee3ecfedf8b19ab8991713a9fdb2e7dcd7262e/docs/checks.md#vulnerabilities,18 existing vulnerabilities detected,0,True,,,4.5,0.0,success
False,True,,3,3,3506,155,0,0,0,0,0,0,0,0,0,0,1290,0,,1,115,"[""Python""]",AGPL-3.0,6230,False,True,27,partial,Cloud-hosted backends and dashboard,2026-07-02T10:09:08.278753+00:00,ODM,AGPL-3.0,complete,OpenDroneMap,ODM,https://github.com/OpenDroneMap/ODM,https://github.com/ossf/scorecard/blob/80ee3ecfedf8b19ab8991713a9fdb2e7dcd7262e/docs/checks.md#binary-artifacts,no binaries found in the repo,10,https://github.com/ossf/scorecard/blob/80ee3ecfedf8b19ab8991713a9fdb2e7dcd7262e/docs/checks.md#branch-protection,branch protection is not maximal on development and all release branches,1,https://github.com/ossf/scorecard/blob/80ee3ecfedf8b19ab8991713a9fdb2e7dcd7262e/docs/checks.md#ci-tests,12 out of 16 merged PRs checked by a CI test -- score normalized to 7,7,https://github.com/ossf/scorecard/blob/80ee3ecfedf8b19ab8991713a9fdb2e7dcd7262e/docs/checks.md#cii-best-practices,no effort to earn an OpenSSF best practices badge detected,0,https://github.com/ossf/scorecard/blob/80ee3ecfedf8b19ab8991713a9fdb2e7dcd7262e/docs/checks.md#code-review,Found 13/16 approved changesets -- score normalized to 8,8,https://github.com/ossf/scorecard/blob/80ee3ecfedf8b19ab8991713a9fdb2e7dcd7262e/docs/checks.md#contributors,project has 55 contributing companies or organizations,10,https://github.com/ossf/scorecard/blob/80ee3ecfedf8b19ab8991713a9fdb2e7dcd7262e/docs/checks.md#dangerous-workflow,no workflows found,-1,https://github.com/ossf/scorecard/blob/80ee3ecfedf8b19ab8991713a9fdb2e7dcd7262e/docs/checks.md#dependency-update-tool,update tool detected,10,https://github.com/ossf/scorecard/blob/80ee3ecfedf8b19ab8991713a9fdb2e7dcd7262e/docs/checks.md#fuzzing,project is not fuzzed,0,https://github.com/ossf/scorecard/blob/80ee3ecfedf8b19ab8991713a9fdb2e7dcd7262e/docs/checks.md#license,license file detected,10,https://github.com/ossf/scorecard/blob/80ee3ecfedf8b19ab8991713a9fdb2e7dcd7262e/docs/checks.md#maintained,10 commit(s) and 2 issue activity found in the last 90 days -- score normalized to 10,10,https://github.com/ossf/scorecard/blob/80ee3ecfedf8b19ab8991713a9fdb2e7dcd7262e/docs/checks.md#packaging,packaging workflow not detected,-1,https://github.com/ossf/scorecard/blob/80ee3ecfedf8b19ab8991713a9fdb2e7dcd7262e/docs/checks.md#pinned-dependencies,dependency not pinned by hash detected -- score normalized to 0,0,https://github.com/ossf/scorecard/blob/80ee3ecfedf8b19ab8991713a9fdb2e7dcd7262e/docs/checks.md#sast,SAST tool is not run on all commits -- score normalized to 0,0,https://github.com/ossf/scorecard/blob/80ee3ecfedf8b19ab8991713a9fdb2e7dcd7262e/docs/checks.md#security-policy,security policy file not detected,0,https://github.com/ossf/scorecard/blob/80ee3ecfedf8b19ab8991713a9fdb2e7dcd7262e/docs/checks.md#signed-releases,Project has not signed or included provenance with any releases.,0,https://github.com/ossf/scorecard/blob/80ee3ecfedf8b19ab8991713a9fdb2e7dcd7262e/docs/checks.md#token-permissions,No tokens found,-1,https://github.com/ossf/scorecard/blob/80ee3ecfedf8b19ab8991713a9fdb2e7dcd7262e/docs/checks.md#vulnerabilities,32 existing vulnerabilities detected,0,True,,,4.4,0.0,success
False,True,,4,4,658,31,0,0,0,0,0,0,0,0,8,0,172,0,,1,5,"[""JavaScript""]",AGPL-3.0,294,False,True,28,partial,Edge and Gateway software,2026-07-02T10:09:08.278753+00:00,NodeODM,AGPL-3.0,complete,OpenDroneMap,NodeODM,https://github.com/OpenDroneMap/NodeODM,https://github.com/ossf/scorecard/blob/80ee3ecfedf8b19ab8991713a9fdb2e7dcd7262e/docs/checks.md#binary-artifacts,binaries present in source code,9,https://github.com/ossf/scorecard/blob/80ee3ecfedf8b19ab8991713a9fdb2e7dcd7262e/docs/checks.md#branch-protection,branch protection is not maximal on development and all release branches,3,https://github.com/ossf/scorecard/blob/80ee3ecfedf8b19ab8991713a9fdb2e7dcd7262e/docs/checks.md#ci-tests,7 out of 9 merged PRs checked by a CI test -- score normalized to 7,7,https://github.com/ossf/scorecard/blob/80ee3ecfedf8b19ab8991713a9fdb2e7dcd7262e/docs/checks.md#cii-best-practices,no effort to earn an OpenSSF best practices badge detected,0,https://github.com/ossf/scorecard/blob/80ee3ecfedf8b19ab8991713a9fdb2e7dcd7262e/docs/checks.md#code-review,Found 7/15 approved changesets -- score normalized to 4,4,https://github.com/ossf/scorecard/blob/80ee3ecfedf8b19ab8991713a9fdb2e7dcd7262e/docs/checks.md#contributors,project has 9 contributing companies or organizations,10,https://github.com/ossf/scorecard/blob/80ee3ecfedf8b19ab8991713a9fdb2e7dcd7262e/docs/checks.md#dangerous-workflow,no workflows found,-1,https://github.com/ossf/scorecard/blob/80ee3ecfedf8b19ab8991713a9fdb2e7dcd7262e/docs/checks.md#dependency-update-tool,no update tool detected,0,https://github.com/ossf/scorecard/blob/80ee3ecfedf8b19ab8991713a9fdb2e7dcd7262e/docs/checks.md#fuzzing,project is not fuzzed,0,https://github.com/ossf/scorecard/blob/80ee3ecfedf8b19ab8991713a9fdb2e7dcd7262e/docs/checks.md#license,license file detected,10,https://github.com/ossf/scorecard/blob/80ee3ecfedf8b19ab8991713a9fdb2e7dcd7262e/docs/checks.md#maintained,4 commit(s) and 5 issue activity found in the last 90 days -- score normalized to 7,7,https://github.com/ossf/scorecard/blob/80ee3ecfedf8b19ab8991713a9fdb2e7dcd7262e/docs/checks.md#packaging,packaging workflow not detected,-1,https://github.com/ossf/scorecard/blob/80ee3ecfedf8b19ab8991713a9fdb2e7dcd7262e/docs/checks.md#pinned-dependencies,dependency not pinned by hash detected -- score normalized to 0,0,https://github.com/ossf/scorecard/blob/80ee3ecfedf8b19ab8991713a9fdb2e7dcd7262e/docs/checks.md#sast,SAST tool is not run on all commits -- score normalized to 0,0,https://github.com/ossf/scorecard/blob/80ee3ecfedf8b19ab8991713a9fdb2e7dcd7262e/docs/checks.md#security-policy,security policy file not detected,0,https://github.com/ossf/scorecard/blob/80ee3ecfedf8b19ab8991713a9fdb2e7dcd7262e/docs/checks.md#signed-releases,Project has not signed or included provenance with any releases.,0,https://github.com/ossf/scorecard/blob/80ee3ecfedf8b19ab8991713a9fdb2e7dcd7262e/docs/checks.md#token-permissions,No tokens found,-1,https://github.com/ossf/scorecard/blob/80ee3ecfedf8b19ab8991713a9fdb2e7dcd7262e/docs/checks.md#vulnerabilities,0 existing vulnerabilities detected,10,True,,,3.8,0.0,success
True,True,,4,4,11,2,727,0,0,1,0,12,0,1,0,0,4,1,,1,1,"[""Go""]",NOASSERTION,46,False,True,29,partial,Field-Deployed Sensor,2026-07-02T10:09:08.278753+00:00,Openminder,NOASSERTION,complete,autogrow,openminder,https://github.com/autogrow/openminder,https://github.com/ossf/scorecard/blob/80ee3ecfedf8b19ab8991713a9fdb2e7dcd7262e/docs/checks.md#binary-artifacts,binaries present in source code,8,https://github.com/ossf/scorecard/blob/80ee3ecfedf8b19ab8991713a9fdb2e7dcd7262e/docs/checks.md#branch-protection,branch protection not enabled on development/release branches,0,https://github.com/ossf/scorecard/blob/80ee3ecfedf8b19ab8991713a9fdb2e7dcd7262e/docs/checks.md#ci-tests,0 out of 1 merged PRs checked by a CI test -- score normalized to 0,0,https://github.com/ossf/scorecard/blob/80ee3ecfedf8b19ab8991713a9fdb2e7dcd7262e/docs/checks.md#cii-best-practices,no effort to earn an OpenSSF best practices badge detected,0,https://github.com/ossf/scorecard/blob/80ee3ecfedf8b19ab8991713a9fdb2e7dcd7262e/docs/checks.md#code-review,Found 1/6 approved changesets -- score normalized to 1,1,https://github.com/ossf/scorecard/blob/80ee3ecfedf8b19ab8991713a9fdb2e7dcd7262e/docs/checks.md#contributors,project has 1 contributing companies or organizations -- score normalized to 3,3,https://github.com/ossf/scorecard/blob/80ee3ecfedf8b19ab8991713a9fdb2e7dcd7262e/docs/checks.md#dangerous-workflow,no workflows found,-1,https://github.com/ossf/scorecard/blob/80ee3ecfedf8b19ab8991713a9fdb2e7dcd7262e/docs/checks.md#dependency-update-tool,no update tool detected,0,https://github.com/ossf/scorecard/blob/80ee3ecfedf8b19ab8991713a9fdb2e7dcd7262e/docs/checks.md#fuzzing,project is not fuzzed,0,https://github.com/ossf/scorecard/blob/80ee3ecfedf8b19ab8991713a9fdb2e7dcd7262e/docs/checks.md#license,license file detected,9,https://github.com/ossf/scorecard/blob/80ee3ecfedf8b19ab8991713a9fdb2e7dcd7262e/docs/checks.md#maintained,0 commit(s) and 0 issue activity found in the last 90 days -- score normalized to 0,0,https://github.com/ossf/scorecard/blob/80ee3ecfedf8b19ab8991713a9fdb2e7dcd7262e/docs/checks.md#packaging,packaging workflow not detected,-1,https://github.com/ossf/scorecard/blob/80ee3ecfedf8b19ab8991713a9fdb2e7dcd7262e/docs/checks.md#pinned-dependencies,all dependencies are pinned,10,https://github.com/ossf/scorecard/blob/80ee3ecfedf8b19ab8991713a9fdb2e7dcd7262e/docs/checks.md#sast,SAST tool is not run on all commits -- score normalized to 0,0,https://github.com/ossf/scorecard/blob/80ee3ecfedf8b19ab8991713a9fdb2e7dcd7262e/docs/checks.md#security-policy,security policy file not detected,0,https://github.com/ossf/scorecard/blob/80ee3ecfedf8b19ab8991713a9fdb2e7dcd7262e/docs/checks.md#signed-releases,no releases found,-1,https://github.com/ossf/scorecard/blob/80ee3ecfedf8b19ab8991713a9fdb2e7dcd7262e/docs/checks.md#token-permissions,No tokens found,-1,https://github.com/ossf/scorecard/blob/80ee3ecfedf8b19ab8991713a9fdb2e7dcd7262e/docs/checks.md#vulnerabilities,0 existing vulnerabilities detected,10,True,,,3.0,0.0,success
True,True,,4,4,4170,39,0,0,0,0,0,0,0,0,0,0,51,0,,1,282,"[""C#""]",,45,False,True,30,partial,Domain-specific agricultural platform,2026-07-02T10:09:08.278753+00:00,APSIM,,complete,APSIMInitiative,APSIM710,https://github.com/APSIMInitiative/APSIM710,https://github.com/ossf/scorecard/blob/80ee3ecfedf8b19ab8991713a9fdb2e7dcd7262e/docs/checks.md#binary-artifacts,binaries present in source code,0,https://github.com/ossf/scorecard/blob/80ee3ecfedf8b19ab8991713a9fdb2e7dcd7262e/docs/checks.md#branch-protection,internal error: error during branchesHandler.setup: internal error: some github tokens can't read classic branch protection rules: https://github.com/ossf/scorecard-action/blob/main/docs/authentication/fine-grained-auth-token.md,-1,https://github.com/ossf/scorecard/blob/80ee3ecfedf8b19ab8991713a9fdb2e7dcd7262e/docs/checks.md#ci-tests,0 out of 10 merged PRs checked by a CI test -- score normalized to 0,0,https://github.com/ossf/scorecard/blob/80ee3ecfedf8b19ab8991713a9fdb2e7dcd7262e/docs/checks.md#cii-best-practices,no effort to earn an OpenSSF best practices badge detected,0,https://github.com/ossf/scorecard/blob/80ee3ecfedf8b19ab8991713a9fdb2e7dcd7262e/docs/checks.md#code-review,Found 5/10 approved changesets -- score normalized to 5,5,https://github.com/ossf/scorecard/blob/80ee3ecfedf8b19ab8991713a9fdb2e7dcd7262e/docs/checks.md#contributors,project has 7 contributing companies or organizations,10,https://github.com/ossf/scorecard/blob/80ee3ecfedf8b19ab8991713a9fdb2e7dcd7262e/docs/checks.md#dangerous-workflow,no workflows found,-1,https://github.com/ossf/scorecard/blob/80ee3ecfedf8b19ab8991713a9fdb2e7dcd7262e/docs/checks.md#dependency-update-tool,no update tool detected,0,https://github.com/ossf/scorecard/blob/80ee3ecfedf8b19ab8991713a9fdb2e7dcd7262e/docs/checks.md#fuzzing,project is not fuzzed,0,https://github.com/ossf/scorecard/blob/80ee3ecfedf8b19ab8991713a9fdb2e7dcd7262e/docs/checks.md#license,license file not detected,0,https://github.com/ossf/scorecard/blob/80ee3ecfedf8b19ab8991713a9fdb2e7dcd7262e/docs/checks.md#maintained,0 commit(s) and 2 issue activity found in the last 90 days -- score normalized to 1,1,https://github.com/ossf/scorecard/blob/80ee3ecfedf8b19ab8991713a9fdb2e7dcd7262e/docs/checks.md#packaging,packaging workflow not detected,-1,https://github.com/ossf/scorecard/blob/80ee3ecfedf8b19ab8991713a9fdb2e7dcd7262e/docs/checks.md#pinned-dependencies,dependency not pinned by hash detected -- score normalized to 0,0,https://github.com/ossf/scorecard/blob/80ee3ecfedf8b19ab8991713a9fdb2e7dcd7262e/docs/checks.md#sast,SAST tool is not run on all commits -- score normalized to 0,0,https://github.com/ossf/scorecard/blob/80ee3ecfedf8b19ab8991713a9fdb2e7dcd7262e/docs/checks.md#security-policy,security policy file not detected,0,https://github.com/ossf/scorecard/blob/80ee3ecfedf8b19ab8991713a9fdb2e7dcd7262e/docs/checks.md#signed-releases,no releases found,-1,https://github.com/ossf/scorecard/blob/80ee3ecfedf8b19ab8991713a9fdb2e7dcd7262e/docs/checks.md#token-permissions,No tokens found,-1,https://github.com/ossf/scorecard/blob/80ee3ecfedf8b19ab8991713a9fdb2e7dcd7262e/docs/checks.md#vulnerabilities,2 existing vulnerabilities detected,8,True,,,1.9,0.0,success
True,True,,4,4,34407,129,0,0,0,0,0,0,0,0,0,0,205,0,,1,533,"[""Jupyter Notebook""]",NOASSERTION,202,False,True,31,partial,Domain-specific agricultural platform,2026-07-02T10:09:08.278753+00:00,APSIM X,NOASSERTION,complete,APSIMInitiative,ApsimX,https://github.com/APSIMInitiative/ApsimX,https://github.com/ossf/scorecard/blob/80ee3ecfedf8b19ab8991713a9fdb2e7dcd7262e/docs/checks.md#binary-artifacts,binaries present in source code,0,https://github.com/ossf/scorecard/blob/80ee3ecfedf8b19ab8991713a9fdb2e7dcd7262e/docs/checks.md#branch-protection,"internal error: error during branchesHandler.setup: internal error: githubv4.Query: Your token has not been granted the required scopes to execute this query. The 'rulesets' field requires one of the following scopes: ['public_repo'], but your token has only been granted the: ['read:project'] scopes. Please modify your token's scopes at: https://github.com/settings/tokens.",-1,https://github.com/ossf/scorecard/blob/80ee3ecfedf8b19ab8991713a9fdb2e7dcd7262e/docs/checks.md#ci-tests,12 out of 12 merged PRs checked by a CI test -- score normalized to 10,10,https://github.com/ossf/scorecard/blob/80ee3ecfedf8b19ab8991713a9fdb2e7dcd7262e/docs/checks.md#cii-best-practices,no effort to earn an OpenSSF best practices badge detected,0,https://github.com/ossf/scorecard/blob/80ee3ecfedf8b19ab8991713a9fdb2e7dcd7262e/docs/checks.md#code-review,all changesets reviewed,10,https://github.com/ossf/scorecard/blob/80ee3ecfedf8b19ab8991713a9fdb2e7dcd7262e/docs/checks.md#contributors,project has 10 contributing companies or organizations,10,https://github.com/ossf/scorecard/blob/80ee3ecfedf8b19ab8991713a9fdb2e7dcd7262e/docs/checks.md#dangerous-workflow,no workflows found,-1,https://github.com/ossf/scorecard/blob/80ee3ecfedf8b19ab8991713a9fdb2e7dcd7262e/docs/checks.md#dependency-update-tool,update tool detected,10,https://github.com/ossf/scorecard/blob/80ee3ecfedf8b19ab8991713a9fdb2e7dcd7262e/docs/checks.md#fuzzing,project is not fuzzed,0,https://github.com/ossf/scorecard/blob/80ee3ecfedf8b19ab8991713a9fdb2e7dcd7262e/docs/checks.md#license,license file detected,9,https://github.com/ossf/scorecard/blob/80ee3ecfedf8b19ab8991713a9fdb2e7dcd7262e/docs/checks.md#maintained,30 commit(s) and 4 issue activity found in the last 90 days -- score normalized to 10,10,https://github.com/ossf/scorecard/blob/80ee3ecfedf8b19ab8991713a9fdb2e7dcd7262e/docs/checks.md#packaging,packaging workflow not detected,-1,https://github.com/ossf/scorecard/blob/80ee3ecfedf8b19ab8991713a9fdb2e7dcd7262e/docs/checks.md#pinned-dependencies,dependency not pinned by hash detected -- score normalized to 0,0,https://github.com/ossf/scorecard/blob/80ee3ecfedf8b19ab8991713a9fdb2e7dcd7262e/docs/checks.md#sast,SAST tool is not run on all commits -- score normalized to 0,0,https://github.com/ossf/scorecard/blob/80ee3ecfedf8b19ab8991713a9fdb2e7dcd7262e/docs/checks.md#security-policy,security policy file not detected,0,https://github.com/ossf/scorecard/blob/80ee3ecfedf8b19ab8991713a9fdb2e7dcd7262e/docs/checks.md#signed-releases,no releases found,-1,https://github.com/ossf/scorecard/blob/80ee3ecfedf8b19ab8991713a9fdb2e7dcd7262e/docs/checks.md#token-permissions,No tokens found,-1,https://github.com/ossf/scorecard/blob/80ee3ecfedf8b19ab8991713a9fdb2e7dcd7262e/docs/checks.md#vulnerabilities,15 existing vulnerabilities detected,0,True,,,4.4,0.0,success
True,True,,4,4,50,1,224,4,0,2,0,0,0,0,0,0,9,0,,1,0,,MIT,71,False,True,32,partial,Field-Deployed Sensor,2026-07-02T10:09:08.278753+00:00,Eduponics-Mini,MIT,complete,STEMinds,Eduponics-Mini,https://github.com/STEMinds/Eduponics-Mini,https://github.com/ossf/scorecard/blob/80ee3ecfedf8b19ab8991713a9fdb2e7dcd7262e/docs/checks.md#binary-artifacts,no binaries found in the repo,10,https://github.com/ossf/scorecard/blob/80ee3ecfedf8b19ab8991713a9fdb2e7dcd7262e/docs/checks.md#branch-protection,branch protection not enabled on development/release branches,0,https://github.com/ossf/scorecard/blob/80ee3ecfedf8b19ab8991713a9fdb2e7dcd7262e/docs/checks.md#ci-tests,no pull request found,-1,https://github.com/ossf/scorecard/blob/80ee3ecfedf8b19ab8991713a9fdb2e7dcd7262e/docs/checks.md#cii-best-practices,no effort to earn an OpenSSF best practices badge detected,0,https://github.com/ossf/scorecard/blob/80ee3ecfedf8b19ab8991713a9fdb2e7dcd7262e/docs/checks.md#code-review,Found 0/30 approved changesets -- score normalized to 0,0,https://github.com/ossf/scorecard/blob/80ee3ecfedf8b19ab8991713a9fdb2e7dcd7262e/docs/checks.md#contributors,project has 1 contributing companies or organizations -- score normalized to 3,3,https://github.com/ossf/scorecard/blob/80ee3ecfedf8b19ab8991713a9fdb2e7dcd7262e/docs/checks.md#dangerous-workflow,no workflows found,-1,https://github.com/ossf/scorecard/blob/80ee3ecfedf8b19ab8991713a9fdb2e7dcd7262e/docs/checks.md#dependency-update-tool,no update tool detected,0,https://github.com/ossf/scorecard/blob/80ee3ecfedf8b19ab8991713a9fdb2e7dcd7262e/docs/checks.md#fuzzing,project is not fuzzed,0,https://github.com/ossf/scorecard/blob/80ee3ecfedf8b19ab8991713a9fdb2e7dcd7262e/docs/checks.md#license,license file detected,10,https://github.com/ossf/scorecard/blob/80ee3ecfedf8b19ab8991713a9fdb2e7dcd7262e/docs/checks.md#maintained,0 commit(s) and 0 issue activity found in the last 90 days -- score normalized to 0,0,https://github.com/ossf/scorecard/blob/80ee3ecfedf8b19ab8991713a9fdb2e7dcd7262e/docs/checks.md#packaging,packaging workflow not detected,-1,https://github.com/ossf/scorecard/blob/80ee3ecfedf8b19ab8991713a9fdb2e7dcd7262e/docs/checks.md#pinned-dependencies,no dependencies found,-1,https://github.com/ossf/scorecard/blob/80ee3ecfedf8b19ab8991713a9fdb2e7dcd7262e/docs/checks.md#sast,no SAST tool detected,0,https://github.com/ossf/scorecard/blob/80ee3ecfedf8b19ab8991713a9fdb2e7dcd7262e/docs/checks.md#security-policy,security policy file not detected,0,https://github.com/ossf/scorecard/blob/80ee3ecfedf8b19ab8991713a9fdb2e7dcd7262e/docs/checks.md#signed-releases,no releases found,-1,https://github.com/ossf/scorecard/blob/80ee3ecfedf8b19ab8991713a9fdb2e7dcd7262e/docs/checks.md#token-permissions,No tokens found,-1,https://github.com/ossf/scorecard/blob/80ee3ecfedf8b19ab8991713a9fdb2e7dcd7262e/docs/checks.md#vulnerabilities,0 existing vulnerabilities detected,10,True,,,2.7,0.0,success
True,True,,4,4,94,2,180,11,0,3,0,1,0,1,12,0,3,0,,1,0,"[""Python""]",NOASSERTION,10,False,True,33,partial,Field-Deployed Sensor,2026-07-02T10:09:08.278753+00:00,Micropython Eduponics,NOASSERTION,complete,STEMinds,micropython-eduponics,https://github.com/STEMinds/micropython-eduponics,https://github.com/ossf/scorecard/blob/80ee3ecfedf8b19ab8991713a9fdb2e7dcd7262e/docs/checks.md#binary-artifacts,no binaries found in the repo,10,https://github.com/ossf/scorecard/blob/80ee3ecfedf8b19ab8991713a9fdb2e7dcd7262e/docs/checks.md#branch-protection,branch protection not enabled on development/release branches,0,https://github.com/ossf/scorecard/blob/80ee3ecfedf8b19ab8991713a9fdb2e7dcd7262e/docs/checks.md#ci-tests,no pull request found,-1,https://github.com/ossf/scorecard/blob/80ee3ecfedf8b19ab8991713a9fdb2e7dcd7262e/docs/checks.md#cii-best-practices,no effort to earn an OpenSSF best practices badge detected,0,https://github.com/ossf/scorecard/blob/80ee3ecfedf8b19ab8991713a9fdb2e7dcd7262e/docs/checks.md#code-review,Found 0/30 approved changesets -- score normalized to 0,0,https://github.com/ossf/scorecard/blob/80ee3ecfedf8b19ab8991713a9fdb2e7dcd7262e/docs/checks.md#contributors,project has 1 contributing companies or organizations -- score normalized to 3,3,https://github.com/ossf/scorecard/blob/80ee3ecfedf8b19ab8991713a9fdb2e7dcd7262e/docs/checks.md#dangerous-workflow,no workflows found,-1,https://github.com/ossf/scorecard/blob/80ee3ecfedf8b19ab8991713a9fdb2e7dcd7262e/docs/checks.md#dependency-update-tool,no update tool detected,0,https://github.com/ossf/scorecard/blob/80ee3ecfedf8b19ab8991713a9fdb2e7dcd7262e/docs/checks.md#fuzzing,project is not fuzzed,0,https://github.com/ossf/scorecard/blob/80ee3ecfedf8b19ab8991713a9fdb2e7dcd7262e/docs/checks.md#license,license file detected,9,https://github.com/ossf/scorecard/blob/80ee3ecfedf8b19ab8991713a9fdb2e7dcd7262e/docs/checks.md#maintained,0 commit(s) and 0 issue activity found in the last 90 days -- score normalized to 0,0,https://github.com/ossf/scorecard/blob/80ee3ecfedf8b19ab8991713a9fdb2e7dcd7262e/docs/checks.md#packaging,packaging workflow not detected,-1,https://github.com/ossf/scorecard/blob/80ee3ecfedf8b19ab8991713a9fdb2e7dcd7262e/docs/checks.md#pinned-dependencies,no dependencies found,-1,https://github.com/ossf/scorecard/blob/80ee3ecfedf8b19ab8991713a9fdb2e7dcd7262e/docs/checks.md#sast,no SAST tool detected,0,https://github.com/ossf/scorecard/blob/80ee3ecfedf8b19ab8991713a9fdb2e7dcd7262e/docs/checks.md#security-policy,security policy file not detected,0,https://github.com/ossf/scorecard/blob/80ee3ecfedf8b19ab8991713a9fdb2e7dcd7262e/docs/checks.md#signed-releases,no releases found,-1,https://github.com/ossf/scorecard/blob/80ee3ecfedf8b19ab8991713a9fdb2e7dcd7262e/docs/checks.md#token-permissions,No tokens found,-1,https://github.com/ossf/scorecard/blob/80ee3ecfedf8b19ab8991713a9fdb2e7dcd7262e/docs/checks.md#vulnerabilities,0 existing vulnerabilities detected,10,True,,,2.7,0.0,success
False,True,,4,4,143782,4345,0,0,0,0,0,0,0,0,148,0,9459,0,,1,3740,"[""C""]",Apache-2.0,15786,False,True,34,partial,Embedded OS substrate,2026-07-02T10:09:08.278753+00:00,Zephyr,Apache-2.0,complete,zephyrproject-rtos,zephyr,https://github.com/zephyrproject-rtos/zephyr,https://github.com/ossf/scorecard/blob/80ee3ecfedf8b19ab8991713a9fdb2e7dcd7262e/docs/checks.md#binary-artifacts,no binaries found in the repo,10,https://github.com/ossf/scorecard/blob/80ee3ecfedf8b19ab8991713a9fdb2e7dcd7262e/docs/checks.md#branch-protection,branch protection is not maximal on development and all release branches,5,https://github.com/ossf/scorecard/blob/80ee3ecfedf8b19ab8991713a9fdb2e7dcd7262e/docs/checks.md#ci-tests,21 out of 21 merged PRs checked by a CI test -- score normalized to 10,10,https://github.com/ossf/scorecard/blob/80ee3ecfedf8b19ab8991713a9fdb2e7dcd7262e/docs/checks.md#cii-best-practices,badge detected: Gold,10,https://github.com/ossf/scorecard/blob/80ee3ecfedf8b19ab8991713a9fdb2e7dcd7262e/docs/checks.md#code-review,all changesets reviewed,10,https://github.com/ossf/scorecard/blob/80ee3ecfedf8b19ab8991713a9fdb2e7dcd7262e/docs/checks.md#contributors,project has 23 contributing companies or organizations,10,https://github.com/ossf/scorecard/blob/80ee3ecfedf8b19ab8991713a9fdb2e7dcd7262e/docs/checks.md#dangerous-workflow,no dangerous workflow patterns detected,10,https://github.com/ossf/scorecard/blob/80ee3ecfedf8b19ab8991713a9fdb2e7dcd7262e/docs/checks.md#dependency-update-tool,update tool detected,10,https://github.com/ossf/scorecard/blob/80ee3ecfedf8b19ab8991713a9fdb2e7dcd7262e/docs/checks.md#fuzzing,project is fuzzed,10,https://github.com/ossf/scorecard/blob/80ee3ecfedf8b19ab8991713a9fdb2e7dcd7262e/docs/checks.md#license,license file detected,10,https://github.com/ossf/scorecard/blob/80ee3ecfedf8b19ab8991713a9fdb2e7dcd7262e/docs/checks.md#maintained,30 commit(s) and 14 issue activity found in the last 90 days -- score normalized to 10,10,https://github.com/ossf/scorecard/blob/80ee3ecfedf8b19ab8991713a9fdb2e7dcd7262e/docs/checks.md#packaging,packaging workflow not detected,-1,https://github.com/ossf/scorecard/blob/80ee3ecfedf8b19ab8991713a9fdb2e7dcd7262e/docs/checks.md#pinned-dependencies,all dependencies are pinned,10,https://github.com/ossf/scorecard/blob/80ee3ecfedf8b19ab8991713a9fdb2e7dcd7262e/docs/checks.md#sast,SAST tool is run on all commits,10,https://github.com/ossf/scorecard/blob/80ee3ecfedf8b19ab8991713a9fdb2e7dcd7262e/docs/checks.md#security-policy,security policy file detected,10,https://github.com/ossf/scorecard/blob/80ee3ecfedf8b19ab8991713a9fdb2e7dcd7262e/docs/checks.md#signed-releases,Project has not signed or included provenance with any releases.,0,https://github.com/ossf/scorecard/blob/80ee3ecfedf8b19ab8991713a9fdb2e7dcd7262e/docs/checks.md#token-permissions,GitHub workflow tokens follow principle of least privilege,10,https://github.com/ossf/scorecard/blob/80ee3ecfedf8b19ab8991713a9fdb2e7dcd7262e/docs/checks.md#vulnerabilities,2 existing vulnerabilities detected,8,True,,,8.7,0.0,success
False,True,,4,4,310,63,0,0,0,0,0,0,0,0,107,0,923,0,,1,150,,,5709,False,True,35,partial,Embedded OS substrate,2026-07-02T10:09:08.278753+00:00,ROS 2,,complete,ros2,ros2,https://github.com/ros2/ros2,https://github.com/ossf/scorecard/blob/80ee3ecfedf8b19ab8991713a9fdb2e7dcd7262e/docs/checks.md#binary-artifacts,no binaries found in the repo,10,https://github.com/ossf/scorecard/blob/80ee3ecfedf8b19ab8991713a9fdb2e7dcd7262e/docs/checks.md#branch-protection,"internal error: error during branchesHandler.setup: internal error: githubv4.Query: Your token has not been granted the required scopes to execute this query. The 'rulesets' field requires one of the following scopes: ['public_repo'], but your token has only been granted the: ['read:project'] scopes. Please modify your token's scopes at: https://github.com/settings/tokens.",-1,https://github.com/ossf/scorecard/blob/80ee3ecfedf8b19ab8991713a9fdb2e7dcd7262e/docs/checks.md#ci-tests,30 out of 30 merged PRs checked by a CI test -- score normalized to 10,10,https://github.com/ossf/scorecard/blob/80ee3ecfedf8b19ab8991713a9fdb2e7dcd7262e/docs/checks.md#cii-best-practices,no effort to earn an OpenSSF best practices badge detected,0,https://github.com/ossf/scorecard/blob/80ee3ecfedf8b19ab8991713a9fdb2e7dcd7262e/docs/checks.md#code-review,all changesets reviewed,10,https://github.com/ossf/scorecard/blob/80ee3ecfedf8b19ab8991713a9fdb2e7dcd7262e/docs/checks.md#contributors,project has 48 contributing companies or organizations,10,https://github.com/ossf/scorecard/blob/80ee3ecfedf8b19ab8991713a9fdb2e7dcd7262e/docs/checks.md#dangerous-workflow,no workflows found,-1,https://github.com/ossf/scorecard/blob/80ee3ecfedf8b19ab8991713a9fdb2e7dcd7262e/docs/checks.md#dependency-update-tool,no update tool detected,0,https://github.com/ossf/scorecard/blob/80ee3ecfedf8b19ab8991713a9fdb2e7dcd7262e/docs/checks.md#fuzzing,project is not fuzzed,0,https://github.com/ossf/scorecard/blob/80ee3ecfedf8b19ab8991713a9fdb2e7dcd7262e/docs/checks.md#license,license file not detected,0,https://github.com/ossf/scorecard/blob/80ee3ecfedf8b19ab8991713a9fdb2e7dcd7262e/docs/checks.md#maintained,4 commit(s) and 10 issue activity found in the last 90 days -- score normalized to 10,10,https://github.com/ossf/scorecard/blob/80ee3ecfedf8b19ab8991713a9fdb2e7dcd7262e/docs/checks.md#packaging,packaging workflow not detected,-1,https://github.com/ossf/scorecard/blob/80ee3ecfedf8b19ab8991713a9fdb2e7dcd7262e/docs/checks.md#pinned-dependencies,no dependencies found,-1,https://github.com/ossf/scorecard/blob/80ee3ecfedf8b19ab8991713a9fdb2e7dcd7262e/docs/checks.md#sast,SAST tool is not run on all commits -- score normalized to 0,0,https://github.com/ossf/scorecard/blob/80ee3ecfedf8b19ab8991713a9fdb2e7dcd7262e/docs/checks.md#security-policy,security policy file detected,10,https://github.com/ossf/scorecard/blob/80ee3ecfedf8b19ab8991713a9fdb2e7dcd7262e/docs/checks.md#signed-releases,Project has not signed or included provenance with any releases.,0,https://github.com/ossf/scorecard/blob/80ee3ecfedf8b19ab8991713a9fdb2e7dcd7262e/docs/checks.md#token-permissions,No tokens found,-1,https://github.com/ossf/scorecard/blob/80ee3ecfedf8b19ab8991713a9fdb2e7dcd7262e/docs/checks.md#vulnerabilities,0 existing vulnerabilities detected,10,True,,,5.7,0.0,success
False,True,,4,4,72615,1326,0,0,0,0,0,0,0,0,86,0,21000,0,,1,3050,"[""C++""]",GPL-3.0,15406,False,True,36,partial,Field-Deployed Sensor,2026-07-02T10:09:08.278753+00:00,ArduPilot,GPL-3.0,complete,ArduPilot,ardupilot,https://github.com/ArduPilot/ardupilot,https://github.com/ossf/scorecard/blob/80ee3ecfedf8b19ab8991713a9fdb2e7dcd7262e/docs/checks.md#binary-artifacts,binaries present in source code,0,https://github.com/ossf/scorecard/blob/80ee3ecfedf8b19ab8991713a9fdb2e7dcd7262e/docs/checks.md#branch-protection,branch protection is not maximal on development and all release branches,6,https://github.com/ossf/scorecard/blob/80ee3ecfedf8b19ab8991713a9fdb2e7dcd7262e/docs/checks.md#ci-tests,13 out of 13 merged PRs checked by a CI test -- score normalized to 10,10,https://github.com/ossf/scorecard/blob/80ee3ecfedf8b19ab8991713a9fdb2e7dcd7262e/docs/checks.md#cii-best-practices,badge detected: InProgress,2,https://github.com/ossf/scorecard/blob/80ee3ecfedf8b19ab8991713a9fdb2e7dcd7262e/docs/checks.md#code-review,Found 13/18 approved changesets -- score normalized to 7,7,https://github.com/ossf/scorecard/blob/80ee3ecfedf8b19ab8991713a9fdb2e7dcd7262e/docs/checks.md#contributors,project has 42 contributing companies or organizations,10,https://github.com/ossf/scorecard/blob/80ee3ecfedf8b19ab8991713a9fdb2e7dcd7262e/docs/checks.md#dangerous-workflow,no dangerous workflow patterns detected,10,https://github.com/ossf/scorecard/blob/80ee3ecfedf8b19ab8991713a9fdb2e7dcd7262e/docs/checks.md#dependency-update-tool,update tool detected,10,https://github.com/ossf/scorecard/blob/80ee3ecfedf8b19ab8991713a9fdb2e7dcd7262e/docs/checks.md#fuzzing,project is not fuzzed,0,https://github.com/ossf/scorecard/blob/80ee3ecfedf8b19ab8991713a9fdb2e7dcd7262e/docs/checks.md#license,license file detected,10,https://github.com/ossf/scorecard/blob/80ee3ecfedf8b19ab8991713a9fdb2e7dcd7262e/docs/checks.md#maintained,30 commit(s) and 5 issue activity found in the last 90 days -- score normalized to 10,10,https://github.com/ossf/scorecard/blob/80ee3ecfedf8b19ab8991713a9fdb2e7dcd7262e/docs/checks.md#packaging,packaging workflow not detected,-1,https://github.com/ossf/scorecard/blob/80ee3ecfedf8b19ab8991713a9fdb2e7dcd7262e/docs/checks.md#pinned-dependencies,dependency not pinned by hash detected -- score normalized to 0,0,https://github.com/ossf/scorecard/blob/80ee3ecfedf8b19ab8991713a9fdb2e7dcd7262e/docs/checks.md#sast,SAST tool is not run on all commits -- score normalized to 0,0,https://github.com/ossf/scorecard/blob/80ee3ecfedf8b19ab8991713a9fdb2e7dcd7262e/docs/checks.md#security-policy,security policy file not detected,0,https://github.com/ossf/scorecard/blob/80ee3ecfedf8b19ab8991713a9fdb2e7dcd7262e/docs/checks.md#signed-releases,no releases found,-1,https://github.com/ossf/scorecard/blob/80ee3ecfedf8b19ab8991713a9fdb2e7dcd7262e/docs/checks.md#token-permissions,detected GitHub workflow tokens with excessive permissions,0,https://github.com/ossf/scorecard/blob/80ee3ecfedf8b19ab8991713a9fdb2e7dcd7262e/docs/checks.md#vulnerabilities,0 existing vulnerabilities detected,10,True,,,5.4,0.0,success
False,True,,4,4,50268,1130,0,0,0,0,0,0,0,0,134,0,15630,0,,1,1459,"[""C++""]",BSD-3-Clause,12054,False,True,37,partial,Field-Deployed Sensor,2026-07-02T10:09:08.278753+00:00,PX4,BSD-3-Clause,complete,PX4,PX4-Autopilot,https://github.com/PX4/PX4-Autopilot,https://github.com/ossf/scorecard/blob/80ee3ecfedf8b19ab8991713a9fdb2e7dcd7262e/docs/checks.md#binary-artifacts,binaries present in source code,7,https://github.com/ossf/scorecard/blob/80ee3ecfedf8b19ab8991713a9fdb2e7dcd7262e/docs/checks.md#branch-protection,branch protection is not maximal on development and all release branches,6,https://github.com/ossf/scorecard/blob/80ee3ecfedf8b19ab8991713a9fdb2e7dcd7262e/docs/checks.md#ci-tests,10 out of 10 merged PRs checked by a CI test -- score normalized to 10,10,https://github.com/ossf/scorecard/blob/80ee3ecfedf8b19ab8991713a9fdb2e7dcd7262e/docs/checks.md#cii-best-practices,badge detected: InProgress,2,https://github.com/ossf/scorecard/blob/80ee3ecfedf8b19ab8991713a9fdb2e7dcd7262e/docs/checks.md#code-review,Found 5/23 approved changesets -- score normalized to 2,2,https://github.com/ossf/scorecard/blob/80ee3ecfedf8b19ab8991713a9fdb2e7dcd7262e/docs/checks.md#contributors,project has 42 contributing companies or organizations,10,https://github.com/ossf/scorecard/blob/80ee3ecfedf8b19ab8991713a9fdb2e7dcd7262e/docs/checks.md#dangerous-workflow,dangerous workflow patterns detected,0,https://github.com/ossf/scorecard/blob/80ee3ecfedf8b19ab8991713a9fdb2e7dcd7262e/docs/checks.md#dependency-update-tool,update tool detected,10,https://github.com/ossf/scorecard/blob/80ee3ecfedf8b19ab8991713a9fdb2e7dcd7262e/docs/checks.md#fuzzing,project is not fuzzed,0,https://github.com/ossf/scorecard/blob/80ee3ecfedf8b19ab8991713a9fdb2e7dcd7262e/docs/checks.md#license,license file detected,10,https://github.com/ossf/scorecard/blob/80ee3ecfedf8b19ab8991713a9fdb2e7dcd7262e/docs/checks.md#maintained,30 commit(s) and 2 issue activity found in the last 90 days -- score normalized to 10,10,https://github.com/ossf/scorecard/blob/80ee3ecfedf8b19ab8991713a9fdb2e7dcd7262e/docs/checks.md#packaging,packaging workflow detected,10,https://github.com/ossf/scorecard/blob/80ee3ecfedf8b19ab8991713a9fdb2e7dcd7262e/docs/checks.md#pinned-dependencies,dependency not pinned by hash detected -- score normalized to 0,0,https://github.com/ossf/scorecard/blob/80ee3ecfedf8b19ab8991713a9fdb2e7dcd7262e/docs/checks.md#sast,SAST tool is not run on all commits -- score normalized to 8,8,https://github.com/ossf/scorecard/blob/80ee3ecfedf8b19ab8991713a9fdb2e7dcd7262e/docs/checks.md#security-policy,security policy file detected,10,https://github.com/ossf/scorecard/blob/80ee3ecfedf8b19ab8991713a9fdb2e7dcd7262e/docs/checks.md#signed-releases,Project has not signed or included provenance with any releases.,0,https://github.com/ossf/scorecard/blob/80ee3ecfedf8b19ab8991713a9fdb2e7dcd7262e/docs/checks.md#token-permissions,detected GitHub workflow tokens with excessive permissions,0,https://github.com/ossf/scorecard/blob/80ee3ecfedf8b19ab8991713a9fdb2e7dcd7262e/docs/checks.md#vulnerabilities,19 existing vulnerabilities detected,0,True,,,4.6,0.0,success
False,True,,3,3,4870,190,0,0,0,0,0,0,0,0,0,0,2618,0,,1,836,"[""C""]",NOASSERTION,11022,False,True,38,partial,Edge and Gateway software,2026-07-02T10:09:08.278753+00:00,Mosquitto,NOASSERTION,complete,eclipse-mosquitto,mosquitto,https://github.com/eclipse-mosquitto/mosquitto,https://github.com/ossf/scorecard/blob/80ee3ecfedf8b19ab8991713a9fdb2e7dcd7262e/docs/checks.md#binary-artifacts,no binaries found in the repo,10,https://github.com/ossf/scorecard/blob/80ee3ecfedf8b19ab8991713a9fdb2e7dcd7262e/docs/checks.md#branch-protection,branch protection not enabled on development/release branches,0,https://github.com/ossf/scorecard/blob/80ee3ecfedf8b19ab8991713a9fdb2e7dcd7262e/docs/checks.md#ci-tests,5 out of 5 merged PRs checked by a CI test -- score normalized to 10,10,https://github.com/ossf/scorecard/blob/80ee3ecfedf8b19ab8991713a9fdb2e7dcd7262e/docs/checks.md#cii-best-practices,no effort to earn an OpenSSF best practices badge detected,0,https://github.com/ossf/scorecard/blob/80ee3ecfedf8b19ab8991713a9fdb2e7dcd7262e/docs/checks.md#code-review,Found 3/30 approved changesets -- score normalized to 1,1,https://github.com/ossf/scorecard/blob/80ee3ecfedf8b19ab8991713a9fdb2e7dcd7262e/docs/checks.md#contributors,project has 14 contributing companies or organizations,10,https://github.com/ossf/scorecard/blob/80ee3ecfedf8b19ab8991713a9fdb2e7dcd7262e/docs/checks.md#dangerous-workflow,no dangerous workflow patterns detected,10,https://github.com/ossf/scorecard/blob/80ee3ecfedf8b19ab8991713a9fdb2e7dcd7262e/docs/checks.md#dependency-update-tool,no update tool detected,0,https://github.com/ossf/scorecard/blob/80ee3ecfedf8b19ab8991713a9fdb2e7dcd7262e/docs/checks.md#fuzzing,project is fuzzed,10,https://github.com/ossf/scorecard/blob/80ee3ecfedf8b19ab8991713a9fdb2e7dcd7262e/docs/checks.md#license,license file detected,9,https://github.com/ossf/scorecard/blob/80ee3ecfedf8b19ab8991713a9fdb2e7dcd7262e/docs/checks.md#maintained,30 commit(s) and 0 issue activity found in the last 90 days -- score normalized to 10,10,https://github.com/ossf/scorecard/blob/80ee3ecfedf8b19ab8991713a9fdb2e7dcd7262e/docs/checks.md#packaging,packaging workflow not detected,-1,https://github.com/ossf/scorecard/blob/80ee3ecfedf8b19ab8991713a9fdb2e7dcd7262e/docs/checks.md#pinned-dependencies,dependency not pinned by hash detected -- score normalized to 0,0,https://github.com/ossf/scorecard/blob/80ee3ecfedf8b19ab8991713a9fdb2e7dcd7262e/docs/checks.md#sast,SAST tool is run on all commits,10,https://github.com/ossf/scorecard/blob/80ee3ecfedf8b19ab8991713a9fdb2e7dcd7262e/docs/checks.md#security-policy,security policy file detected,10,https://github.com/ossf/scorecard/blob/80ee3ecfedf8b19ab8991713a9fdb2e7dcd7262e/docs/checks.md#signed-releases,no releases found,-1,https://github.com/ossf/scorecard/blob/80ee3ecfedf8b19ab8991713a9fdb2e7dcd7262e/docs/checks.md#token-permissions,detected GitHub workflow tokens with excessive permissions,0,https://github.com/ossf/scorecard/blob/80ee3ecfedf8b19ab8991713a9fdb2e7dcd7262e/docs/checks.md#vulnerabilities,0 existing vulnerabilities detected,10,True,,,6.0,0.0,success
False,True,,3,3,28180,257,0,0,0,0,0,0,0,0,0,0,6363,0,,1,279,"[""Java""]",Apache-2.0,21982,False,True,39,partial,Edge and Gateway software,2026-07-02T10:09:08.278753+00:00,Thingsboard,Apache-2.0,complete,thingsboard,thingsboard,https://github.com/thingsboard/thingsboard,https://github.com/ossf/scorecard/blob/80ee3ecfedf8b19ab8991713a9fdb2e7dcd7262e/docs/checks.md#binary-artifacts,no binaries found in the repo,10,https://github.com/ossf/scorecard/blob/80ee3ecfedf8b19ab8991713a9fdb2e7dcd7262e/docs/checks.md#branch-protection,branch protection is not maximal on development and all release branches,3,https://github.com/ossf/scorecard/blob/80ee3ecfedf8b19ab8991713a9fdb2e7dcd7262e/docs/checks.md#ci-tests,10 out of 11 merged PRs checked by a CI test -- score normalized to 9,9,https://github.com/ossf/scorecard/blob/80ee3ecfedf8b19ab8991713a9fdb2e7dcd7262e/docs/checks.md#cii-best-practices,no effort to earn an OpenSSF best practices badge detected,0,https://github.com/ossf/scorecard/blob/80ee3ecfedf8b19ab8991713a9fdb2e7dcd7262e/docs/checks.md#code-review,Found 6/11 approved changesets -- score normalized to 5,5,https://github.com/ossf/scorecard/blob/80ee3ecfedf8b19ab8991713a9fdb2e7dcd7262e/docs/checks.md#contributors,project has 7 contributing companies or organizations,10,https://github.com/ossf/scorecard/blob/80ee3ecfedf8b19ab8991713a9fdb2e7dcd7262e/docs/checks.md#dangerous-workflow,no dangerous workflow patterns detected,10,https://github.com/ossf/scorecard/blob/80ee3ecfedf8b19ab8991713a9fdb2e7dcd7262e/docs/checks.md#dependency-update-tool,no update tool detected,0,https://github.com/ossf/scorecard/blob/80ee3ecfedf8b19ab8991713a9fdb2e7dcd7262e/docs/checks.md#fuzzing,project is not fuzzed,0,https://github.com/ossf/scorecard/blob/80ee3ecfedf8b19ab8991713a9fdb2e7dcd7262e/docs/checks.md#license,license file detected,10,https://github.com/ossf/scorecard/blob/80ee3ecfedf8b19ab8991713a9fdb2e7dcd7262e/docs/checks.md#maintained,30 commit(s) and 0 issue activity found in the last 90 days -- score normalized to 10,10,https://github.com/ossf/scorecard/blob/80ee3ecfedf8b19ab8991713a9fdb2e7dcd7262e/docs/checks.md#packaging,packaging workflow not detected,-1,https://github.com/ossf/scorecard/blob/80ee3ecfedf8b19ab8991713a9fdb2e7dcd7262e/docs/checks.md#pinned-dependencies,dependency not pinned by hash detected -- score normalized to 0,0,https://github.com/ossf/scorecard/blob/80ee3ecfedf8b19ab8991713a9fdb2e7dcd7262e/docs/checks.md#sast,SAST tool is not run on all commits -- score normalized to 0,0,https://github.com/ossf/scorecard/blob/80ee3ecfedf8b19ab8991713a9fdb2e7dcd7262e/docs/checks.md#security-policy,security policy file detected,10,https://github.com/ossf/scorecard/blob/80ee3ecfedf8b19ab8991713a9fdb2e7dcd7262e/docs/checks.md#signed-releases,Project has not signed or included provenance with any releases.,0,https://github.com/ossf/scorecard/blob/80ee3ecfedf8b19ab8991713a9fdb2e7dcd7262e/docs/checks.md#token-permissions,detected GitHub workflow tokens with excessive permissions,0,https://github.com/ossf/scorecard/blob/80ee3ecfedf8b19ab8991713a9fdb2e7dcd7262e/docs/checks.md#vulnerabilities,29 existing vulnerabilities detected,0,True,,,4.3,0.0,success
False,True,,3,3,70614,3050,0,0,0,0,0,0,0,0,0,0,14171,0,,1,3565,"[""TypeScript""]",AGPL-3.0,75183,False,True,40,partial,Cloud-hosted backends and dashboard,2026-07-02T10:09:08.278753+00:00,Grafana,AGPL-3.0,partial,grafana,grafana,https://github.com/grafana/grafana,,,,,,,,,,,,,,,,,,,,,,,,,,,,,,,,,,,,,,,,,,,,,,,,,,,,,,,False,No cached Scorecard output found.,,,0.0,failed
True,True,,3,3,747,31,0,0,0,0,0,0,0,0,0,0,49,0,,1,31,"[""C#""]",EPL-1.0,84,False,True,41,partial,Edge and Gateway software,2026-07-02T10:09:08.278753+00:00,ADAPT,EPL-1.0,complete,ADAPT,ADAPT,https://github.com/ADAPT/ADAPT,https://github.com/ossf/scorecard/blob/80ee3ecfedf8b19ab8991713a9fdb2e7dcd7262e/docs/checks.md#binary-artifacts,no binaries found in the repo,10,https://github.com/ossf/scorecard/blob/80ee3ecfedf8b19ab8991713a9fdb2e7dcd7262e/docs/checks.md#branch-protection,branch protection not enabled on development/release branches,0,https://github.com/ossf/scorecard/blob/80ee3ecfedf8b19ab8991713a9fdb2e7dcd7262e/docs/checks.md#ci-tests,0 out of 13 merged PRs checked by a CI test -- score normalized to 0,0,https://github.com/ossf/scorecard/blob/80ee3ecfedf8b19ab8991713a9fdb2e7dcd7262e/docs/checks.md#cii-best-practices,no effort to earn an OpenSSF best practices badge detected,0,https://github.com/ossf/scorecard/blob/80ee3ecfedf8b19ab8991713a9fdb2e7dcd7262e/docs/checks.md#code-review,Found 10/13 approved changesets -- score normalized to 7,7,https://github.com/ossf/scorecard/blob/80ee3ecfedf8b19ab8991713a9fdb2e7dcd7262e/docs/checks.md#contributors,project has 5 contributing companies or organizations,10,https://github.com/ossf/scorecard/blob/80ee3ecfedf8b19ab8991713a9fdb2e7dcd7262e/docs/checks.md#dangerous-workflow,no workflows found,-1,https://github.com/ossf/scorecard/blob/80ee3ecfedf8b19ab8991713a9fdb2e7dcd7262e/docs/checks.md#dependency-update-tool,no update tool detected,0,https://github.com/ossf/scorecard/blob/80ee3ecfedf8b19ab8991713a9fdb2e7dcd7262e/docs/checks.md#fuzzing,project is not fuzzed,0,https://github.com/ossf/scorecard/blob/80ee3ecfedf8b19ab8991713a9fdb2e7dcd7262e/docs/checks.md#license,license file detected,10,https://github.com/ossf/scorecard/blob/80ee3ecfedf8b19ab8991713a9fdb2e7dcd7262e/docs/checks.md#maintained,0 commit(s) and 0 issue activity found in the last 90 days -- score normalized to 0,0,https://github.com/ossf/scorecard/blob/80ee3ecfedf8b19ab8991713a9fdb2e7dcd7262e/docs/checks.md#packaging,packaging workflow not detected,-1,https://github.com/ossf/scorecard/blob/80ee3ecfedf8b19ab8991713a9fdb2e7dcd7262e/docs/checks.md#pinned-dependencies,no dependencies found,-1,https://github.com/ossf/scorecard/blob/80ee3ecfedf8b19ab8991713a9fdb2e7dcd7262e/docs/checks.md#sast,SAST tool is not run on all commits -- score normalized to 0,0,https://github.com/ossf/scorecard/blob/80ee3ecfedf8b19ab8991713a9fdb2e7dcd7262e/docs/checks.md#security-policy,security policy file not detected,0,https://github.com/ossf/scorecard/blob/80ee3ecfedf8b19ab8991713a9fdb2e7dcd7262e/docs/checks.md#signed-releases,Project has not signed or included provenance with any releases.,0,https://github.com/ossf/scorecard/blob/80ee3ecfedf8b19ab8991713a9fdb2e7dcd7262e/docs/checks.md#token-permissions,No tokens found,-1,https://github.com/ossf/scorecard/blob/80ee3ecfedf8b19ab8991713a9fdb2e7dcd7262e/docs/checks.md#vulnerabilities,0 existing vulnerabilities detected,10,True,,,3.3,0.0,success
True,True,,3,3,597,35,0,0,0,0,0,0,0,0,0,0,36,0,,1,21,"[""C#""]",EPL-1.0,21,False,True,42,partial,Edge and Gateway software,2026-07-02T10:09:08.278753+00:00,ADAPT ISOv4 Plugin,EPL-1.0,complete,ADAPT,ISOv4Plugin,https://github.com/ADAPT/ISOv4Plugin,https://github.com/ossf/scorecard/blob/80ee3ecfedf8b19ab8991713a9fdb2e7dcd7262e/docs/checks.md#binary-artifacts,no binaries found in the repo,10,https://github.com/ossf/scorecard/blob/80ee3ecfedf8b19ab8991713a9fdb2e7dcd7262e/docs/checks.md#branch-protection,branch protection not enabled on development/release branches,0,https://github.com/ossf/scorecard/blob/80ee3ecfedf8b19ab8991713a9fdb2e7dcd7262e/docs/checks.md#ci-tests,15 out of 17 merged PRs checked by a CI test -- score normalized to 8,8,https://github.com/ossf/scorecard/blob/80ee3ecfedf8b19ab8991713a9fdb2e7dcd7262e/docs/checks.md#cii-best-practices,no effort to earn an OpenSSF best practices badge detected,0,https://github.com/ossf/scorecard/blob/80ee3ecfedf8b19ab8991713a9fdb2e7dcd7262e/docs/checks.md#code-review,all changesets reviewed,10,https://github.com/ossf/scorecard/blob/80ee3ecfedf8b19ab8991713a9fdb2e7dcd7262e/docs/checks.md#contributors,project has 5 contributing companies or organizations,10,https://github.com/ossf/scorecard/blob/80ee3ecfedf8b19ab8991713a9fdb2e7dcd7262e/docs/checks.md#dangerous-workflow,no workflows found,-1,https://github.com/ossf/scorecard/blob/80ee3ecfedf8b19ab8991713a9fdb2e7dcd7262e/docs/checks.md#dependency-update-tool,no update tool detected,0,https://github.com/ossf/scorecard/blob/80ee3ecfedf8b19ab8991713a9fdb2e7dcd7262e/docs/checks.md#fuzzing,project is not fuzzed,0,https://github.com/ossf/scorecard/blob/80ee3ecfedf8b19ab8991713a9fdb2e7dcd7262e/docs/checks.md#license,license file detected,10,https://github.com/ossf/scorecard/blob/80ee3ecfedf8b19ab8991713a9fdb2e7dcd7262e/docs/checks.md#maintained,5 commit(s) and 0 issue activity found in the last 90 days -- score normalized to 4,4,https://github.com/ossf/scorecard/blob/80ee3ecfedf8b19ab8991713a9fdb2e7dcd7262e/docs/checks.md#packaging,packaging workflow not detected,-1,https://github.com/ossf/scorecard/blob/80ee3ecfedf8b19ab8991713a9fdb2e7dcd7262e/docs/checks.md#pinned-dependencies,no dependencies found,-1,https://github.com/ossf/scorecard/blob/80ee3ecfedf8b19ab8991713a9fdb2e7dcd7262e/docs/checks.md#sast,SAST tool is not run on all commits -- score normalized to 0,0,https://github.com/ossf/scorecard/blob/80ee3ecfedf8b19ab8991713a9fdb2e7dcd7262e/docs/checks.md#security-policy,security policy file not detected,0,https://github.com/ossf/scorecard/blob/80ee3ecfedf8b19ab8991713a9fdb2e7dcd7262e/docs/checks.md#signed-releases,Project has not signed or included provenance with any releases.,0,https://github.com/ossf/scorecard/blob/80ee3ecfedf8b19ab8991713a9fdb2e7dcd7262e/docs/checks.md#token-permissions,No tokens found,-1,https://github.com/ossf/scorecard/blob/80ee3ecfedf8b19ab8991713a9fdb2e7dcd7262e/docs/checks.md#vulnerabilities,0 existing vulnerabilities detected,10,True,,,4.2,0.0,success
True,True,,3,3,85,3,0,0,0,0,0,0,0,0,0,0,3,0,,1,18,,MIT,17,False,True,43,partial,Edge and Gateway software,2026-07-02T10:09:08.278753+00:00,ADAPT Standard,MIT,complete,ADAPT,Standard,https://github.com/ADAPT/Standard,https://github.com/ossf/scorecard/blob/80ee3ecfedf8b19ab8991713a9fdb2e7dcd7262e/docs/checks.md#binary-artifacts,no binaries found in the repo,10,https://github.com/ossf/scorecard/blob/80ee3ecfedf8b19ab8991713a9fdb2e7dcd7262e/docs/checks.md#branch-protection,branch protection not enabled on development/release branches,0,https://github.com/ossf/scorecard/blob/80ee3ecfedf8b19ab8991713a9fdb2e7dcd7262e/docs/checks.md#ci-tests,0 out of 3 merged PRs checked by a CI test -- score normalized to 0,0,https://github.com/ossf/scorecard/blob/80ee3ecfedf8b19ab8991713a9fdb2e7dcd7262e/docs/checks.md#cii-best-practices,no effort to earn an OpenSSF best practices badge detected,0,https://github.com/ossf/scorecard/blob/80ee3ecfedf8b19ab8991713a9fdb2e7dcd7262e/docs/checks.md#code-review,Found 1/3 approved changesets -- score normalized to 3,3,https://github.com/ossf/scorecard/blob/80ee3ecfedf8b19ab8991713a9fdb2e7dcd7262e/docs/checks.md#contributors,project has 1 contributing companies or organizations -- score normalized to 3,3,https://github.com/ossf/scorecard/blob/80ee3ecfedf8b19ab8991713a9fdb2e7dcd7262e/docs/checks.md#dangerous-workflow,no workflows found,-1,https://github.com/ossf/scorecard/blob/80ee3ecfedf8b19ab8991713a9fdb2e7dcd7262e/docs/checks.md#dependency-update-tool,no update tool detected,0,https://github.com/ossf/scorecard/blob/80ee3ecfedf8b19ab8991713a9fdb2e7dcd7262e/docs/checks.md#fuzzing,project is not fuzzed,0,https://github.com/ossf/scorecard/blob/80ee3ecfedf8b19ab8991713a9fdb2e7dcd7262e/docs/checks.md#license,license file detected,10,https://github.com/ossf/scorecard/blob/80ee3ecfedf8b19ab8991713a9fdb2e7dcd7262e/docs/checks.md#maintained,0 commit(s) and 0 issue activity found in the last 90 days -- score normalized to 0,0,https://github.com/ossf/scorecard/blob/80ee3ecfedf8b19ab8991713a9fdb2e7dcd7262e/docs/checks.md#packaging,packaging workflow not detected,-1,https://github.com/ossf/scorecard/blob/80ee3ecfedf8b19ab8991713a9fdb2e7dcd7262e/docs/checks.md#pinned-dependencies,no dependencies found,-1,https://github.com/ossf/scorecard/blob/80ee3ecfedf8b19ab8991713a9fdb2e7dcd7262e/docs/checks.md#sast,SAST tool is not run on all commits -- score normalized to 0,0,https://github.com/ossf/scorecard/blob/80ee3ecfedf8b19ab8991713a9fdb2e7dcd7262e/docs/checks.md#security-policy,security policy file not detected,0,https://github.com/ossf/scorecard/blob/80ee3ecfedf8b19ab8991713a9fdb2e7dcd7262e/docs/checks.md#signed-releases,no releases found,-1,https://github.com/ossf/scorecard/blob/80ee3ecfedf8b19ab8991713a9fdb2e7dcd7262e/docs/checks.md#token-permissions,No tokens found,-1,https://github.com/ossf/scorecard/blob/80ee3ecfedf8b19ab8991713a9fdb2e7dcd7262e/docs/checks.md#vulnerabilities,0 existing vulnerabilities detected,10,True,,,2.9,0.0,success
True,True,,3,3,108,5,0,0,0,0,0,0,0,0,0,0,3,0,,1,0,"[""C#""]",MIT,1,False,True,44,partial,Edge and Gateway software,2026-07-02T10:09:08.278753+00:00,ADAPT Standard Plugin,MIT,complete,ADAPT,StandardPlugin,https://github.com/ADAPT/StandardPlugin,https://github.com/ossf/scorecard/blob/80ee3ecfedf8b19ab8991713a9fdb2e7dcd7262e/docs/checks.md#binary-artifacts,no binaries found in the repo,10,https://github.com/ossf/scorecard/blob/80ee3ecfedf8b19ab8991713a9fdb2e7dcd7262e/docs/checks.md#branch-protection,branch protection not enabled on development/release branches,0,https://github.com/ossf/scorecard/blob/80ee3ecfedf8b19ab8991713a9fdb2e7dcd7262e/docs/checks.md#ci-tests,5 out of 6 merged PRs checked by a CI test -- score normalized to 8,8,https://github.com/ossf/scorecard/blob/80ee3ecfedf8b19ab8991713a9fdb2e7dcd7262e/docs/checks.md#cii-best-practices,no effort to earn an OpenSSF best practices badge detected,0,https://github.com/ossf/scorecard/blob/80ee3ecfedf8b19ab8991713a9fdb2e7dcd7262e/docs/checks.md#code-review,Found 3/16 approved changesets -- score normalized to 1,1,https://github.com/ossf/scorecard/blob/80ee3ecfedf8b19ab8991713a9fdb2e7dcd7262e/docs/checks.md#contributors,project has 1 contributing companies or organizations -- score normalized to 3,3,https://github.com/ossf/scorecard/blob/80ee3ecfedf8b19ab8991713a9fdb2e7dcd7262e/docs/checks.md#dangerous-workflow,no workflows found,-1,https://github.com/ossf/scorecard/blob/80ee3ecfedf8b19ab8991713a9fdb2e7dcd7262e/docs/checks.md#dependency-update-tool,no update tool detected,0,https://github.com/ossf/scorecard/blob/80ee3ecfedf8b19ab8991713a9fdb2e7dcd7262e/docs/checks.md#fuzzing,project is not fuzzed,0,https://github.com/ossf/scorecard/blob/80ee3ecfedf8b19ab8991713a9fdb2e7dcd7262e/docs/checks.md#license,license file detected,10,https://github.com/ossf/scorecard/blob/80ee3ecfedf8b19ab8991713a9fdb2e7dcd7262e/docs/checks.md#maintained,5 commit(s) and 0 issue activity found in the last 90 days -- score normalized to 4,4,https://github.com/ossf/scorecard/blob/80ee3ecfedf8b19ab8991713a9fdb2e7dcd7262e/docs/checks.md#packaging,packaging workflow not detected,-1,https://github.com/ossf/scorecard/blob/80ee3ecfedf8b19ab8991713a9fdb2e7dcd7262e/docs/checks.md#pinned-dependencies,no dependencies found,-1,https://github.com/ossf/scorecard/blob/80ee3ecfedf8b19ab8991713a9fdb2e7dcd7262e/docs/checks.md#sast,SAST tool is not run on all commits -- score normalized to 0,0,https://github.com/ossf/scorecard/blob/80ee3ecfedf8b19ab8991713a9fdb2e7dcd7262e/docs/checks.md#security-policy,security policy file not detected,0,https://github.com/ossf/scorecard/blob/80ee3ecfedf8b19ab8991713a9fdb2e7dcd7262e/docs/checks.md#signed-releases,no releases found,-1,https://github.com/ossf/scorecard/blob/80ee3ecfedf8b19ab8991713a9fdb2e7dcd7262e/docs/checks.md#token-permissions,No tokens found,-1,https://github.com/ossf/scorecard/blob/80ee3ecfedf8b19ab8991713a9fdb2e7dcd7262e/docs/checks.md#vulnerabilities,0 existing vulnerabilities detected,10,True,,,3.4,0.0,success
True,True,,3,3,214,20,0,0,0,0,0,0,0,0,0,0,27,0,,1,2,"[""C#""]",EPL-1.0,5,False,True,45,partial,Edge and Gateway software,2026-07-02T10:09:08.278753+00:00,ADAPT ADM Plugin,EPL-1.0,complete,ADAPT,ADMPlugin,https://github.com/ADAPT/ADMPlugin,https://github.com/ossf/scorecard/blob/80ee3ecfedf8b19ab8991713a9fdb2e7dcd7262e/docs/checks.md#binary-artifacts,no binaries found in the repo,10,https://github.com/ossf/scorecard/blob/80ee3ecfedf8b19ab8991713a9fdb2e7dcd7262e/docs/checks.md#branch-protection,branch protection not enabled on development/release branches,0,https://github.com/ossf/scorecard/blob/80ee3ecfedf8b19ab8991713a9fdb2e7dcd7262e/docs/checks.md#ci-tests,0 out of 10 merged PRs checked by a CI test -- score normalized to 0,0,https://github.com/ossf/scorecard/blob/80ee3ecfedf8b19ab8991713a9fdb2e7dcd7262e/docs/checks.md#cii-best-practices,no effort to earn an OpenSSF best practices badge detected,0,https://github.com/ossf/scorecard/blob/80ee3ecfedf8b19ab8991713a9fdb2e7dcd7262e/docs/checks.md#code-review,all changesets reviewed,10,https://github.com/ossf/scorecard/blob/80ee3ecfedf8b19ab8991713a9fdb2e7dcd7262e/docs/checks.md#contributors,project has 5 contributing companies or organizations,10,https://github.com/ossf/scorecard/blob/80ee3ecfedf8b19ab8991713a9fdb2e7dcd7262e/docs/checks.md#dangerous-workflow,no workflows found,-1,https://github.com/ossf/scorecard/blob/80ee3ecfedf8b19ab8991713a9fdb2e7dcd7262e/docs/checks.md#dependency-update-tool,update tool detected,10,https://github.com/ossf/scorecard/blob/80ee3ecfedf8b19ab8991713a9fdb2e7dcd7262e/docs/checks.md#fuzzing,project is not fuzzed,0,https://github.com/ossf/scorecard/blob/80ee3ecfedf8b19ab8991713a9fdb2e7dcd7262e/docs/checks.md#license,license file detected,10,https://github.com/ossf/scorecard/blob/80ee3ecfedf8b19ab8991713a9fdb2e7dcd7262e/docs/checks.md#maintained,0 commit(s) and 0 issue activity found in the last 90 days -- score normalized to 0,0,https://github.com/ossf/scorecard/blob/80ee3ecfedf8b19ab8991713a9fdb2e7dcd7262e/docs/checks.md#packaging,packaging workflow not detected,-1,https://github.com/ossf/scorecard/blob/80ee3ecfedf8b19ab8991713a9fdb2e7dcd7262e/docs/checks.md#pinned-dependencies,no dependencies found,-1,https://github.com/ossf/scorecard/blob/80ee3ecfedf8b19ab8991713a9fdb2e7dcd7262e/docs/checks.md#sast,SAST tool is not run on all commits -- score normalized to 0,0,https://github.com/ossf/scorecard/blob/80ee3ecfedf8b19ab8991713a9fdb2e7dcd7262e/docs/checks.md#security-policy,security policy file not detected,0,https://github.com/ossf/scorecard/blob/80ee3ecfedf8b19ab8991713a9fdb2e7dcd7262e/docs/checks.md#signed-releases,Project has not signed or included provenance with any releases.,0,https://github.com/ossf/scorecard/blob/80ee3ecfedf8b19ab8991713a9fdb2e7dcd7262e/docs/checks.md#token-permissions,No tokens found,-1,https://github.com/ossf/scorecard/blob/80ee3ecfedf8b19ab8991713a9fdb2e7dcd7262e/docs/checks.md#vulnerabilities,0 existing vulnerabilities detected,10,True,,,4.5,0.0,success
True,True,,3,3,6,3,0,0,0,0,0,0,0,0,0,0,5,0,,1,0,"[""C#""]",MIT,8,False,True,46,partial,Edge and Gateway software,2026-07-02T10:09:08.278753+00:00,ADAPT GeoJSON Plugin,MIT,complete,ADAPT,GeoJSONPlugin,https://github.com/ADAPT/GeoJSONPlugin,https://github.com/ossf/scorecard/blob/80ee3ecfedf8b19ab8991713a9fdb2e7dcd7262e/docs/checks.md#binary-artifacts,no binaries found in the repo,10,https://github.com/ossf/scorecard/blob/80ee3ecfedf8b19ab8991713a9fdb2e7dcd7262e/docs/checks.md#branch-protection,branch protection not enabled on development/release branches,0,https://github.com/ossf/scorecard/blob/80ee3ecfedf8b19ab8991713a9fdb2e7dcd7262e/docs/checks.md#ci-tests,0 out of 2 merged PRs checked by a CI test -- score normalized to 0,0,https://github.com/ossf/scorecard/blob/80ee3ecfedf8b19ab8991713a9fdb2e7dcd7262e/docs/checks.md#cii-best-practices,no effort to earn an OpenSSF best practices badge detected,0,https://github.com/ossf/scorecard/blob/80ee3ecfedf8b19ab8991713a9fdb2e7dcd7262e/docs/checks.md#code-review,Found 2/3 approved changesets -- score normalized to 6,6,https://github.com/ossf/scorecard/blob/80ee3ecfedf8b19ab8991713a9fdb2e7dcd7262e/docs/checks.md#contributors,project has 0 contributing companies or organizations -- score normalized to 0,0,https://github.com/ossf/scorecard/blob/80ee3ecfedf8b19ab8991713a9fdb2e7dcd7262e/docs/checks.md#dangerous-workflow,no workflows found,-1,https://github.com/ossf/scorecard/blob/80ee3ecfedf8b19ab8991713a9fdb2e7dcd7262e/docs/checks.md#dependency-update-tool,no update tool detected,0,https://github.com/ossf/scorecard/blob/80ee3ecfedf8b19ab8991713a9fdb2e7dcd7262e/docs/checks.md#fuzzing,project is not fuzzed,0,https://github.com/ossf/scorecard/blob/80ee3ecfedf8b19ab8991713a9fdb2e7dcd7262e/docs/checks.md#license,license file detected,10,https://github.com/ossf/scorecard/blob/80ee3ecfedf8b19ab8991713a9fdb2e7dcd7262e/docs/checks.md#maintained,0 commit(s) and 0 issue activity found in the last 90 days -- score normalized to 0,0,https://github.com/ossf/scorecard/blob/80ee3ecfedf8b19ab8991713a9fdb2e7dcd7262e/docs/checks.md#packaging,packaging workflow not detected,-1,https://github.com/ossf/scorecard/blob/80ee3ecfedf8b19ab8991713a9fdb2e7dcd7262e/docs/checks.md#pinned-dependencies,no dependencies found,-1,https://github.com/ossf/scorecard/blob/80ee3ecfedf8b19ab8991713a9fdb2e7dcd7262e/docs/checks.md#sast,SAST tool is not run on all commits -- score normalized to 0,0,https://github.com/ossf/scorecard/blob/80ee3ecfedf8b19ab8991713a9fdb2e7dcd7262e/docs/checks.md#security-policy,security policy file not detected,0,https://github.com/ossf/scorecard/blob/80ee3ecfedf8b19ab8991713a9fdb2e7dcd7262e/docs/checks.md#signed-releases,no releases found,-1,https://github.com/ossf/scorecard/blob/80ee3ecfedf8b19ab8991713a9fdb2e7dcd7262e/docs/checks.md#token-permissions,No tokens found,-1,https://github.com/ossf/scorecard/blob/80ee3ecfedf8b19ab8991713a9fdb2e7dcd7262e/docs/checks.md#vulnerabilities,0 existing vulnerabilities detected,10,True,,,3.1,0.0,success
True,True,,3,3,173,4,0,0,0,0,0,0,0,0,0,0,2,0,,1,2,"[""Python""]",EUPL-1.2,7,False,True,47,partial,Cloud-hosted backends and dashboard,2026-07-02T10:09:08.278753+00:00,OpenAgri GateKeeper,EUPL-1.2,complete,agstack,OpenAgri-GateKeeper,https://github.com/agstack/OpenAgri-GateKeeper,https://github.com/ossf/scorecard/blob/80ee3ecfedf8b19ab8991713a9fdb2e7dcd7262e/docs/checks.md#binary-artifacts,no binaries found in the repo,10,https://github.com/ossf/scorecard/blob/80ee3ecfedf8b19ab8991713a9fdb2e7dcd7262e/docs/checks.md#branch-protection,branch protection is not maximal on development and all release branches,5,https://github.com/ossf/scorecard/blob/80ee3ecfedf8b19ab8991713a9fdb2e7dcd7262e/docs/checks.md#ci-tests,1 out of 3 merged PRs checked by a CI test -- score normalized to 3,3,https://github.com/ossf/scorecard/blob/80ee3ecfedf8b19ab8991713a9fdb2e7dcd7262e/docs/checks.md#cii-best-practices,no effort to earn an OpenSSF best practices badge detected,0,https://github.com/ossf/scorecard/blob/80ee3ecfedf8b19ab8991713a9fdb2e7dcd7262e/docs/checks.md#code-review,Found 3/17 approved changesets -- score normalized to 1,1,https://github.com/ossf/scorecard/blob/80ee3ecfedf8b19ab8991713a9fdb2e7dcd7262e/docs/checks.md#contributors,project has 7 contributing companies or organizations,10,https://github.com/ossf/scorecard/blob/80ee3ecfedf8b19ab8991713a9fdb2e7dcd7262e/docs/checks.md#dangerous-workflow,no workflows found,-1,https://github.com/ossf/scorecard/blob/80ee3ecfedf8b19ab8991713a9fdb2e7dcd7262e/docs/checks.md#dependency-update-tool,no update tool detected,0,https://github.com/ossf/scorecard/blob/80ee3ecfedf8b19ab8991713a9fdb2e7dcd7262e/docs/checks.md#fuzzing,project is not fuzzed,0,https://github.com/ossf/scorecard/blob/80ee3ecfedf8b19ab8991713a9fdb2e7dcd7262e/docs/checks.md#license,license file detected,10,https://github.com/ossf/scorecard/blob/80ee3ecfedf8b19ab8991713a9fdb2e7dcd7262e/docs/checks.md#maintained,4 commit(s) and 0 issue activity found in the last 90 days -- score normalized to 3,3,https://github.com/ossf/scorecard/blob/80ee3ecfedf8b19ab8991713a9fdb2e7dcd7262e/docs/checks.md#packaging,packaging workflow not detected,-1,https://github.com/ossf/scorecard/blob/80ee3ecfedf8b19ab8991713a9fdb2e7dcd7262e/docs/checks.md#pinned-dependencies,dependency not pinned by hash detected -- score normalized to 0,0,https://github.com/ossf/scorecard/blob/80ee3ecfedf8b19ab8991713a9fdb2e7dcd7262e/docs/checks.md#sast,SAST tool is not run on all commits -- score normalized to 5,5,https://github.com/ossf/scorecard/blob/80ee3ecfedf8b19ab8991713a9fdb2e7dcd7262e/docs/checks.md#security-policy,security policy file not detected,0,https://github.com/ossf/scorecard/blob/80ee3ecfedf8b19ab8991713a9fdb2e7dcd7262e/docs/checks.md#signed-releases,no releases found,-1,https://github.com/ossf/scorecard/blob/80ee3ecfedf8b19ab8991713a9fdb2e7dcd7262e/docs/checks.md#token-permissions,No tokens found,-1,https://github.com/ossf/scorecard/blob/80ee3ecfedf8b19ab8991713a9fdb2e7dcd7262e/docs/checks.md#vulnerabilities,17 existing vulnerabilities detected,0,True,,,3.0,0.0,success
True,True,,3,3,383,5,0,0,0,0,0,0,0,0,0,0,3,0,,1,27,"[""Python""]",Apache-2.0,10,False,True,48,partial,Cloud-hosted backends and dashboard,2026-07-02T10:09:08.278753+00:00,OpenAgri Farm Calendar,Apache-2.0,complete,agstack,OpenAgri-FarmCalendar,https://github.com/agstack/OpenAgri-FarmCalendar,https://github.com/ossf/scorecard/blob/80ee3ecfedf8b19ab8991713a9fdb2e7dcd7262e/docs/checks.md#binary-artifacts,no binaries found in the repo,10,https://github.com/ossf/scorecard/blob/80ee3ecfedf8b19ab8991713a9fdb2e7dcd7262e/docs/checks.md#branch-protection,branch protection is not maximal on development and all release branches,5,https://github.com/ossf/scorecard/blob/80ee3ecfedf8b19ab8991713a9fdb2e7dcd7262e/docs/checks.md#ci-tests,0 out of 5 merged PRs checked by a CI test -- score normalized to 0,0,https://github.com/ossf/scorecard/blob/80ee3ecfedf8b19ab8991713a9fdb2e7dcd7262e/docs/checks.md#cii-best-practices,no effort to earn an OpenSSF best practices badge detected,0,https://github.com/ossf/scorecard/blob/80ee3ecfedf8b19ab8991713a9fdb2e7dcd7262e/docs/checks.md#code-review,all changesets reviewed,10,https://github.com/ossf/scorecard/blob/80ee3ecfedf8b19ab8991713a9fdb2e7dcd7262e/docs/checks.md#contributors,project has 7 contributing companies or organizations,10,https://github.com/ossf/scorecard/blob/80ee3ecfedf8b19ab8991713a9fdb2e7dcd7262e/docs/checks.md#dangerous-workflow,no workflows found,-1,https://github.com/ossf/scorecard/blob/80ee3ecfedf8b19ab8991713a9fdb2e7dcd7262e/docs/checks.md#dependency-update-tool,no update tool detected,0,https://github.com/ossf/scorecard/blob/80ee3ecfedf8b19ab8991713a9fdb2e7dcd7262e/docs/checks.md#fuzzing,project is not fuzzed,0,https://github.com/ossf/scorecard/blob/80ee3ecfedf8b19ab8991713a9fdb2e7dcd7262e/docs/checks.md#license,license file detected,10,https://github.com/ossf/scorecard/blob/80ee3ecfedf8b19ab8991713a9fdb2e7dcd7262e/docs/checks.md#maintained,9 commit(s) and 5 issue activity found in the last 90 days -- score normalized to 10,10,https://github.com/ossf/scorecard/blob/80ee3ecfedf8b19ab8991713a9fdb2e7dcd7262e/docs/checks.md#packaging,packaging workflow not detected,-1,https://github.com/ossf/scorecard/blob/80ee3ecfedf8b19ab8991713a9fdb2e7dcd7262e/docs/checks.md#pinned-dependencies,dependency not pinned by hash detected -- score normalized to 0,0,https://github.com/ossf/scorecard/blob/80ee3ecfedf8b19ab8991713a9fdb2e7dcd7262e/docs/checks.md#sast,SAST tool is not run on all commits -- score normalized to 0,0,https://github.com/ossf/scorecard/blob/80ee3ecfedf8b19ab8991713a9fdb2e7dcd7262e/docs/checks.md#security-policy,security policy file not detected,0,https://github.com/ossf/scorecard/blob/80ee3ecfedf8b19ab8991713a9fdb2e7dcd7262e/docs/checks.md#signed-releases,no releases found,-1,https://github.com/ossf/scorecard/blob/80ee3ecfedf8b19ab8991713a9fdb2e7dcd7262e/docs/checks.md#token-permissions,No tokens found,-1,https://github.com/ossf/scorecard/blob/80ee3ecfedf8b19ab8991713a9fdb2e7dcd7262e/docs/checks.md#vulnerabilities,23 existing vulnerabilities detected,0,True,,,4.2,0.0,success
True,True,,3,3,75,6,0,0,0,0,0,0,0,0,0,0,8,0,,1,10,"[""Python""]",Apache-2.0,22,False,True,49,partial,Cloud-hosted backends and dashboard,2026-07-02T10:09:08.278753+00:00,OpenAgri Weather Service,Apache-2.0,complete,agstack,OpenAgri-WeatherService,https://github.com/agstack/OpenAgri-WeatherService,https://github.com/ossf/scorecard/blob/80ee3ecfedf8b19ab8991713a9fdb2e7dcd7262e/docs/checks.md#binary-artifacts,no binaries found in the repo,10,https://github.com/ossf/scorecard/blob/80ee3ecfedf8b19ab8991713a9fdb2e7dcd7262e/docs/checks.md#branch-protection,branch protection is not maximal on development and all release branches,6,https://github.com/ossf/scorecard/blob/80ee3ecfedf8b19ab8991713a9fdb2e7dcd7262e/docs/checks.md#ci-tests,1 out of 13 merged PRs checked by a CI test -- score normalized to 0,0,https://github.com/ossf/scorecard/blob/80ee3ecfedf8b19ab8991713a9fdb2e7dcd7262e/docs/checks.md#cii-best-practices,no effort to earn an OpenSSF best practices badge detected,0,https://github.com/ossf/scorecard/blob/80ee3ecfedf8b19ab8991713a9fdb2e7dcd7262e/docs/checks.md#code-review,Found 9/15 approved changesets -- score normalized to 6,6,https://github.com/ossf/scorecard/blob/80ee3ecfedf8b19ab8991713a9fdb2e7dcd7262e/docs/checks.md#contributors,project has 1 contributing companies or organizations -- score normalized to 3,3,https://github.com/ossf/scorecard/blob/80ee3ecfedf8b19ab8991713a9fdb2e7dcd7262e/docs/checks.md#dangerous-workflow,no workflows found,-1,https://github.com/ossf/scorecard/blob/80ee3ecfedf8b19ab8991713a9fdb2e7dcd7262e/docs/checks.md#dependency-update-tool,no update tool detected,0,https://github.com/ossf/scorecard/blob/80ee3ecfedf8b19ab8991713a9fdb2e7dcd7262e/docs/checks.md#fuzzing,project is not fuzzed,0,https://github.com/ossf/scorecard/blob/80ee3ecfedf8b19ab8991713a9fdb2e7dcd7262e/docs/checks.md#license,license file detected,10,https://github.com/ossf/scorecard/blob/80ee3ecfedf8b19ab8991713a9fdb2e7dcd7262e/docs/checks.md#maintained,14 commit(s) and 1 issue activity found in the last 90 days -- score normalized to 10,10,https://github.com/ossf/scorecard/blob/80ee3ecfedf8b19ab8991713a9fdb2e7dcd7262e/docs/checks.md#packaging,packaging workflow not detected,-1,https://github.com/ossf/scorecard/blob/80ee3ecfedf8b19ab8991713a9fdb2e7dcd7262e/docs/checks.md#pinned-dependencies,dependency not pinned by hash detected -- score normalized to 0,0,https://github.com/ossf/scorecard/blob/80ee3ecfedf8b19ab8991713a9fdb2e7dcd7262e/docs/checks.md#sast,SAST tool is not run on all commits -- score normalized to 0,0,https://github.com/ossf/scorecard/blob/80ee3ecfedf8b19ab8991713a9fdb2e7dcd7262e/docs/checks.md#security-policy,security policy file not detected,0,https://github.com/ossf/scorecard/blob/80ee3ecfedf8b19ab8991713a9fdb2e7dcd7262e/docs/checks.md#signed-releases,no releases found,-1,https://github.com/ossf/scorecard/blob/80ee3ecfedf8b19ab8991713a9fdb2e7dcd7262e/docs/checks.md#token-permissions,No tokens found,-1,https://github.com/ossf/scorecard/blob/80ee3ecfedf8b19ab8991713a9fdb2e7dcd7262e/docs/checks.md#vulnerabilities,36 existing vulnerabilities detected,0,True,,,3.6,0.0,success
True,True,,3,3,72,6,0,0,0,0,0,0,0,0,0,0,4,0,,1,12,"[""Python""]",EUPL-1.2,9,False,True,50,partial,Cloud-hosted backends and dashboard,2026-07-02T10:09:08.278753+00:00,OpenAgri Irrigation Management,EUPL-1.2,complete,agstack,OpenAgri-IrrigationManagement,https://github.com/agstack/OpenAgri-IrrigationManagement,https://github.com/ossf/scorecard/blob/80ee3ecfedf8b19ab8991713a9fdb2e7dcd7262e/docs/checks.md#binary-artifacts,no binaries found in the repo,10,https://github.com/ossf/scorecard/blob/80ee3ecfedf8b19ab8991713a9fdb2e7dcd7262e/docs/checks.md#branch-protection,branch protection is not maximal on development and all release branches,5,https://github.com/ossf/scorecard/blob/80ee3ecfedf8b19ab8991713a9fdb2e7dcd7262e/docs/checks.md#ci-tests,0 out of 19 merged PRs checked by a CI test -- score normalized to 0,0,https://github.com/ossf/scorecard/blob/80ee3ecfedf8b19ab8991713a9fdb2e7dcd7262e/docs/checks.md#cii-best-practices,no effort to earn an OpenSSF best practices badge detected,0,https://github.com/ossf/scorecard/blob/80ee3ecfedf8b19ab8991713a9fdb2e7dcd7262e/docs/checks.md#code-review,Found 19/24 approved changesets -- score normalized to 7,7,https://github.com/ossf/scorecard/blob/80ee3ecfedf8b19ab8991713a9fdb2e7dcd7262e/docs/checks.md#contributors,project has 1 contributing companies or organizations -- score normalized to 3,3,https://github.com/ossf/scorecard/blob/80ee3ecfedf8b19ab8991713a9fdb2e7dcd7262e/docs/checks.md#dangerous-workflow,no workflows found,-1,https://github.com/ossf/scorecard/blob/80ee3ecfedf8b19ab8991713a9fdb2e7dcd7262e/docs/checks.md#dependency-update-tool,no update tool detected,0,https://github.com/ossf/scorecard/blob/80ee3ecfedf8b19ab8991713a9fdb2e7dcd7262e/docs/checks.md#fuzzing,project is not fuzzed,0,https://github.com/ossf/scorecard/blob/80ee3ecfedf8b19ab8991713a9fdb2e7dcd7262e/docs/checks.md#license,license file detected,10,https://github.com/ossf/scorecard/blob/80ee3ecfedf8b19ab8991713a9fdb2e7dcd7262e/docs/checks.md#maintained,1 commit(s) and 0 issue activity found in the last 90 days -- score normalized to 0,0,https://github.com/ossf/scorecard/blob/80ee3ecfedf8b19ab8991713a9fdb2e7dcd7262e/docs/checks.md#packaging,packaging workflow not detected,-1,https://github.com/ossf/scorecard/blob/80ee3ecfedf8b19ab8991713a9fdb2e7dcd7262e/docs/checks.md#pinned-dependencies,dependency not pinned by hash detected -- score normalized to 0,0,https://github.com/ossf/scorecard/blob/80ee3ecfedf8b19ab8991713a9fdb2e7dcd7262e/docs/checks.md#sast,SAST tool is not run on all commits -- score normalized to 0,0,https://github.com/ossf/scorecard/blob/80ee3ecfedf8b19ab8991713a9fdb2e7dcd7262e/docs/checks.md#security-policy,security policy file not detected,0,https://github.com/ossf/scorecard/blob/80ee3ecfedf8b19ab8991713a9fdb2e7dcd7262e/docs/checks.md#signed-releases,no releases found,-1,https://github.com/ossf/scorecard/blob/80ee3ecfedf8b19ab8991713a9fdb2e7dcd7262e/docs/checks.md#token-permissions,No tokens found,-1,https://github.com/ossf/scorecard/blob/80ee3ecfedf8b19ab8991713a9fdb2e7dcd7262e/docs/checks.md#vulnerabilities,10 existing vulnerabilities detected,0,True,,,2.6,0.0,success
True,True,,3,3,69,2,0,0,0,0,0,0,0,0,0,0,1,0,,1,5,"[""Python""]",EUPL-1.2,8,False,True,51,partial,Cloud-hosted backends and dashboard,2026-07-02T10:09:08.278753+00:00,OpenAgri Pest & Disease Mgmt,EUPL-1.2,complete,agstack,OpenAgri-PestAndDiseaseManagement,https://github.com/agstack/OpenAgri-PestAndDiseaseManagement,https://github.com/ossf/scorecard/blob/80ee3ecfedf8b19ab8991713a9fdb2e7dcd7262e/docs/checks.md#binary-artifacts,no binaries found in the repo,10,https://github.com/ossf/scorecard/blob/80ee3ecfedf8b19ab8991713a9fdb2e7dcd7262e/docs/checks.md#branch-protection,branch protection is not maximal on development and all release branches,5,https://github.com/ossf/scorecard/blob/80ee3ecfedf8b19ab8991713a9fdb2e7dcd7262e/docs/checks.md#ci-tests,0 out of 15 merged PRs checked by a CI test -- score normalized to 0,0,https://github.com/ossf/scorecard/blob/80ee3ecfedf8b19ab8991713a9fdb2e7dcd7262e/docs/checks.md#cii-best-practices,no effort to earn an OpenSSF best practices badge detected,0,https://github.com/ossf/scorecard/blob/80ee3ecfedf8b19ab8991713a9fdb2e7dcd7262e/docs/checks.md#code-review,all changesets reviewed,10,https://github.com/ossf/scorecard/blob/80ee3ecfedf8b19ab8991713a9fdb2e7dcd7262e/docs/checks.md#contributors,project has 0 contributing companies or organizations -- score normalized to 0,0,https://github.com/ossf/scorecard/blob/80ee3ecfedf8b19ab8991713a9fdb2e7dcd7262e/docs/checks.md#dangerous-workflow,no workflows found,-1,https://github.com/ossf/scorecard/blob/80ee3ecfedf8b19ab8991713a9fdb2e7dcd7262e/docs/checks.md#dependency-update-tool,no update tool detected,0,https://github.com/ossf/scorecard/blob/80ee3ecfedf8b19ab8991713a9fdb2e7dcd7262e/docs/checks.md#fuzzing,project is not fuzzed,0,https://github.com/ossf/scorecard/blob/80ee3ecfedf8b19ab8991713a9fdb2e7dcd7262e/docs/checks.md#license,license file detected,10,https://github.com/ossf/scorecard/blob/80ee3ecfedf8b19ab8991713a9fdb2e7dcd7262e/docs/checks.md#maintained,0 commit(s) and 9 issue activity found in the last 90 days -- score normalized to 7,7,https://github.com/ossf/scorecard/blob/80ee3ecfedf8b19ab8991713a9fdb2e7dcd7262e/docs/checks.md#packaging,packaging workflow not detected,-1,https://github.com/ossf/scorecard/blob/80ee3ecfedf8b19ab8991713a9fdb2e7dcd7262e/docs/checks.md#pinned-dependencies,dependency not pinned by hash detected -- score normalized to 0,0,https://github.com/ossf/scorecard/blob/80ee3ecfedf8b19ab8991713a9fdb2e7dcd7262e/docs/checks.md#sast,SAST tool is not run on all commits -- score normalized to 0,0,https://github.com/ossf/scorecard/blob/80ee3ecfedf8b19ab8991713a9fdb2e7dcd7262e/docs/checks.md#security-policy,security policy file not detected,0,https://github.com/ossf/scorecard/blob/80ee3ecfedf8b19ab8991713a9fdb2e7dcd7262e/docs/checks.md#signed-releases,no releases found,-1,https://github.com/ossf/scorecard/blob/80ee3ecfedf8b19ab8991713a9fdb2e7dcd7262e/docs/checks.md#token-permissions,No tokens found,-1,https://github.com/ossf/scorecard/blob/80ee3ecfedf8b19ab8991713a9fdb2e7dcd7262e/docs/checks.md#vulnerabilities,22 existing vulnerabilities detected,0,True,,,3.5,0.0,success
True,True,,3,3,145,6,0,0,0,0,0,0,0,0,0,0,3,0,,1,7,"[""Python""]",EUPL-1.2,7,False,True,52,partial,Cloud-hosted backends and dashboard,2026-07-02T10:09:08.278753+00:00,OpenAgri Reporting Service,EUPL-1.2,complete,agstack,OpenAgri-ReportingService,https://github.com/agstack/OpenAgri-ReportingService,https://github.com/ossf/scorecard/blob/80ee3ecfedf8b19ab8991713a9fdb2e7dcd7262e/docs/checks.md#binary-artifacts,no binaries found in the repo,10,https://github.com/ossf/scorecard/blob/80ee3ecfedf8b19ab8991713a9fdb2e7dcd7262e/docs/checks.md#branch-protection,branch protection is not maximal on development and all release branches,5,https://github.com/ossf/scorecard/blob/80ee3ecfedf8b19ab8991713a9fdb2e7dcd7262e/docs/checks.md#ci-tests,0 out of 10 merged PRs checked by a CI test -- score normalized to 0,0,https://github.com/ossf/scorecard/blob/80ee3ecfedf8b19ab8991713a9fdb2e7dcd7262e/docs/checks.md#cii-best-practices,no effort to earn an OpenSSF best practices badge detected,0,https://github.com/ossf/scorecard/blob/80ee3ecfedf8b19ab8991713a9fdb2e7dcd7262e/docs/checks.md#code-review,all changesets reviewed,10,https://github.com/ossf/scorecard/blob/80ee3ecfedf8b19ab8991713a9fdb2e7dcd7262e/docs/checks.md#contributors,project has 0 contributing companies or organizations -- score normalized to 0,0,https://github.com/ossf/scorecard/blob/80ee3ecfedf8b19ab8991713a9fdb2e7dcd7262e/docs/checks.md#dangerous-workflow,no workflows found,-1,https://github.com/ossf/scorecard/blob/80ee3ecfedf8b19ab8991713a9fdb2e7dcd7262e/docs/checks.md#dependency-update-tool,no update tool detected,0,https://github.com/ossf/scorecard/blob/80ee3ecfedf8b19ab8991713a9fdb2e7dcd7262e/docs/checks.md#fuzzing,project is not fuzzed,0,https://github.com/ossf/scorecard/blob/80ee3ecfedf8b19ab8991713a9fdb2e7dcd7262e/docs/checks.md#license,license file detected,10,https://github.com/ossf/scorecard/blob/80ee3ecfedf8b19ab8991713a9fdb2e7dcd7262e/docs/checks.md#maintained,4 commit(s) and 2 issue activity found in the last 90 days -- score normalized to 5,5,https://github.com/ossf/scorecard/blob/80ee3ecfedf8b19ab8991713a9fdb2e7dcd7262e/docs/checks.md#packaging,packaging workflow not detected,-1,https://github.com/ossf/scorecard/blob/80ee3ecfedf8b19ab8991713a9fdb2e7dcd7262e/docs/checks.md#pinned-dependencies,dependency not pinned by hash detected -- score normalized to 0,0,https://github.com/ossf/scorecard/blob/80ee3ecfedf8b19ab8991713a9fdb2e7dcd7262e/docs/checks.md#sast,SAST tool is not run on all commits -- score normalized to 0,0,https://github.com/ossf/scorecard/blob/80ee3ecfedf8b19ab8991713a9fdb2e7dcd7262e/docs/checks.md#security-policy,security policy file not detected,0,https://github.com/ossf/scorecard/blob/80ee3ecfedf8b19ab8991713a9fdb2e7dcd7262e/docs/checks.md#signed-releases,no releases found,-1,https://github.com/ossf/scorecard/blob/80ee3ecfedf8b19ab8991713a9fdb2e7dcd7262e/docs/checks.md#token-permissions,No tokens found,-1,https://github.com/ossf/scorecard/blob/80ee3ecfedf8b19ab8991713a9fdb2e7dcd7262e/docs/checks.md#vulnerabilities,26 existing vulnerabilities detected,0,True,,,3.3,0.0,success
True,True,,3,3,188,5,0,0,0,0,0,0,0,0,0,0,1,0,,1,2,"[""TypeScript""]",EUPL-1.2,5,False,True,53,partial,Cloud-hosted backends and dashboard,2026-07-02T10:09:08.278753+00:00,OpenAgri User Dashboard,EUPL-1.2,complete,agstack,OpenAgri-UserDashboard,https://github.com/agstack/OpenAgri-UserDashboard,https://github.com/ossf/scorecard/blob/80ee3ecfedf8b19ab8991713a9fdb2e7dcd7262e/docs/checks.md#binary-artifacts,no binaries found in the repo,10,https://github.com/ossf/scorecard/blob/80ee3ecfedf8b19ab8991713a9fdb2e7dcd7262e/docs/checks.md#branch-protection,branch protection is not maximal on development and all release branches,5,https://github.com/ossf/scorecard/blob/80ee3ecfedf8b19ab8991713a9fdb2e7dcd7262e/docs/checks.md#ci-tests,0 out of 13 merged PRs checked by a CI test -- score normalized to 0,0,https://github.com/ossf/scorecard/blob/80ee3ecfedf8b19ab8991713a9fdb2e7dcd7262e/docs/checks.md#cii-best-practices,no effort to earn an OpenSSF best practices badge detected,0,https://github.com/ossf/scorecard/blob/80ee3ecfedf8b19ab8991713a9fdb2e7dcd7262e/docs/checks.md#code-review,Found 13/30 approved changesets -- score normalized to 4,4,https://github.com/ossf/scorecard/blob/80ee3ecfedf8b19ab8991713a9fdb2e7dcd7262e/docs/checks.md#contributors,project has 8 contributing companies or organizations,10,https://github.com/ossf/scorecard/blob/80ee3ecfedf8b19ab8991713a9fdb2e7dcd7262e/docs/checks.md#dangerous-workflow,no workflows found,-1,https://github.com/ossf/scorecard/blob/80ee3ecfedf8b19ab8991713a9fdb2e7dcd7262e/docs/checks.md#dependency-update-tool,no update tool detected,0,https://github.com/ossf/scorecard/blob/80ee3ecfedf8b19ab8991713a9fdb2e7dcd7262e/docs/checks.md#fuzzing,project is not fuzzed,0,https://github.com/ossf/scorecard/blob/80ee3ecfedf8b19ab8991713a9fdb2e7dcd7262e/docs/checks.md#license,license file detected,10,https://github.com/ossf/scorecard/blob/80ee3ecfedf8b19ab8991713a9fdb2e7dcd7262e/docs/checks.md#maintained,0 commit(s) and 0 issue activity found in the last 90 days -- score normalized to 0,0,https://github.com/ossf/scorecard/blob/80ee3ecfedf8b19ab8991713a9fdb2e7dcd7262e/docs/checks.md#packaging,packaging workflow not detected,-1,https://github.com/ossf/scorecard/blob/80ee3ecfedf8b19ab8991713a9fdb2e7dcd7262e/docs/checks.md#pinned-dependencies,dependency not pinned by hash detected -- score normalized to 0,0,https://github.com/ossf/scorecard/blob/80ee3ecfedf8b19ab8991713a9fdb2e7dcd7262e/docs/checks.md#sast,SAST tool is not run on all commits -- score normalized to 0,0,https://github.com/ossf/scorecard/blob/80ee3ecfedf8b19ab8991713a9fdb2e7dcd7262e/docs/checks.md#security-policy,security policy file not detected,0,https://github.com/ossf/scorecard/blob/80ee3ecfedf8b19ab8991713a9fdb2e7dcd7262e/docs/checks.md#signed-releases,no releases found,-1,https://github.com/ossf/scorecard/blob/80ee3ecfedf8b19ab8991713a9fdb2e7dcd7262e/docs/checks.md#token-permissions,No tokens found,-1,https://github.com/ossf/scorecard/blob/80ee3ecfedf8b19ab8991713a9fdb2e7dcd7262e/docs/checks.md#vulnerabilities,43 existing vulnerabilities detected,0,True,,,2.6,0.0,success
True,True,,3,3,85,6,0,0,0,0,0,0,0,0,0,0,1,0,,1,4,"[""Jupyter Notebook""]",EUPL-1.2,7,False,True,54,partial,Cloud-hosted backends and dashboard,2026-07-02T10:09:08.278753+00:00,OpenAgri OCSM,EUPL-1.2,complete,agstack,OpenAgri-OCSM,https://github.com/agstack/OpenAgri-OCSM,https://github.com/ossf/scorecard/blob/80ee3ecfedf8b19ab8991713a9fdb2e7dcd7262e/docs/checks.md#binary-artifacts,no binaries found in the repo,10,https://github.com/ossf/scorecard/blob/80ee3ecfedf8b19ab8991713a9fdb2e7dcd7262e/docs/checks.md#branch-protection,branch protection not enabled on development/release branches,0,https://github.com/ossf/scorecard/blob/80ee3ecfedf8b19ab8991713a9fdb2e7dcd7262e/docs/checks.md#ci-tests,no pull request found,-1,https://github.com/ossf/scorecard/blob/80ee3ecfedf8b19ab8991713a9fdb2e7dcd7262e/docs/checks.md#cii-best-practices,no effort to earn an OpenSSF best practices badge detected,0,https://github.com/ossf/scorecard/blob/80ee3ecfedf8b19ab8991713a9fdb2e7dcd7262e/docs/checks.md#code-review,Found 0/30 approved changesets -- score normalized to 0,0,https://github.com/ossf/scorecard/blob/80ee3ecfedf8b19ab8991713a9fdb2e7dcd7262e/docs/checks.md#contributors,project has 5 contributing companies or organizations,10,https://github.com/ossf/scorecard/blob/80ee3ecfedf8b19ab8991713a9fdb2e7dcd7262e/docs/checks.md#dangerous-workflow,no workflows found,-1,https://github.com/ossf/scorecard/blob/80ee3ecfedf8b19ab8991713a9fdb2e7dcd7262e/docs/checks.md#dependency-update-tool,no update tool detected,0,https://github.com/ossf/scorecard/blob/80ee3ecfedf8b19ab8991713a9fdb2e7dcd7262e/docs/checks.md#fuzzing,project is not fuzzed,0,https://github.com/ossf/scorecard/blob/80ee3ecfedf8b19ab8991713a9fdb2e7dcd7262e/docs/checks.md#license,license file detected,10,https://github.com/ossf/scorecard/blob/80ee3ecfedf8b19ab8991713a9fdb2e7dcd7262e/docs/checks.md#maintained,0 commit(s) and 0 issue activity found in the last 90 days -- score normalized to 0,0,https://github.com/ossf/scorecard/blob/80ee3ecfedf8b19ab8991713a9fdb2e7dcd7262e/docs/checks.md#packaging,packaging workflow not detected,-1,https://github.com/ossf/scorecard/blob/80ee3ecfedf8b19ab8991713a9fdb2e7dcd7262e/docs/checks.md#pinned-dependencies,no dependencies found,-1,https://github.com/ossf/scorecard/blob/80ee3ecfedf8b19ab8991713a9fdb2e7dcd7262e/docs/checks.md#sast,no SAST tool detected,0,https://github.com/ossf/scorecard/blob/80ee3ecfedf8b19ab8991713a9fdb2e7dcd7262e/docs/checks.md#security-policy,security policy file not detected,0,https://github.com/ossf/scorecard/blob/80ee3ecfedf8b19ab8991713a9fdb2e7dcd7262e/docs/checks.md#signed-releases,no releases found,-1,https://github.com/ossf/scorecard/blob/80ee3ecfedf8b19ab8991713a9fdb2e7dcd7262e/docs/checks.md#token-permissions,No tokens found,-1,https://github.com/ossf/scorecard/blob/80ee3ecfedf8b19ab8991713a9fdb2e7dcd7262e/docs/checks.md#vulnerabilities,0 existing vulnerabilities detected,10,True,,,3.0,0.0,success
True,True,,3,3,75,4,0,0,0,0,0,0,0,0,0,0,4,0,,1,10,"[""Julia""]",Apache-2.0,21,False,True,55,partial,Cloud-hosted backends and dashboard,2026-07-02T10:09:08.278753+00:00,AgStack Weather Server,Apache-2.0,complete,agstack,weather-server,https://github.com/agstack/weather-server,https://github.com/ossf/scorecard/blob/80ee3ecfedf8b19ab8991713a9fdb2e7dcd7262e/docs/checks.md#binary-artifacts,no binaries found in the repo,10,https://github.com/ossf/scorecard/blob/80ee3ecfedf8b19ab8991713a9fdb2e7dcd7262e/docs/checks.md#branch-protection,branch protection not enabled on development/release branches,0,https://github.com/ossf/scorecard/blob/80ee3ecfedf8b19ab8991713a9fdb2e7dcd7262e/docs/checks.md#ci-tests,no pull request found,-1,https://github.com/ossf/scorecard/blob/80ee3ecfedf8b19ab8991713a9fdb2e7dcd7262e/docs/checks.md#cii-best-practices,no effort to earn an OpenSSF best practices badge detected,0,https://github.com/ossf/scorecard/blob/80ee3ecfedf8b19ab8991713a9fdb2e7dcd7262e/docs/checks.md#code-review,Found 0/30 approved changesets -- score normalized to 0,0,https://github.com/ossf/scorecard/blob/80ee3ecfedf8b19ab8991713a9fdb2e7dcd7262e/docs/checks.md#contributors,project has 2 contributing companies or organizations -- score normalized to 6,6,https://github.com/ossf/scorecard/blob/80ee3ecfedf8b19ab8991713a9fdb2e7dcd7262e/docs/checks.md#dangerous-workflow,no workflows found,-1,https://github.com/ossf/scorecard/blob/80ee3ecfedf8b19ab8991713a9fdb2e7dcd7262e/docs/checks.md#dependency-update-tool,no update tool detected,0,https://github.com/ossf/scorecard/blob/80ee3ecfedf8b19ab8991713a9fdb2e7dcd7262e/docs/checks.md#fuzzing,project is not fuzzed,0,https://github.com/ossf/scorecard/blob/80ee3ecfedf8b19ab8991713a9fdb2e7dcd7262e/docs/checks.md#license,license file detected,10,https://github.com/ossf/scorecard/blob/80ee3ecfedf8b19ab8991713a9fdb2e7dcd7262e/docs/checks.md#maintained,0 commit(s) and 0 issue activity found in the last 90 days -- score normalized to 0,0,https://github.com/ossf/scorecard/blob/80ee3ecfedf8b19ab8991713a9fdb2e7dcd7262e/docs/checks.md#packaging,packaging workflow not detected,-1,https://github.com/ossf/scorecard/blob/80ee3ecfedf8b19ab8991713a9fdb2e7dcd7262e/docs/checks.md#pinned-dependencies,no dependencies found,-1,https://github.com/ossf/scorecard/blob/80ee3ecfedf8b19ab8991713a9fdb2e7dcd7262e/docs/checks.md#sast,no SAST tool detected,0,https://github.com/ossf/scorecard/blob/80ee3ecfedf8b19ab8991713a9fdb2e7dcd7262e/docs/checks.md#security-policy,security policy file not detected,0,https://github.com/ossf/scorecard/blob/80ee3ecfedf8b19ab8991713a9fdb2e7dcd7262e/docs/checks.md#signed-releases,no releases found,-1,https://github.com/ossf/scorecard/blob/80ee3ecfedf8b19ab8991713a9fdb2e7dcd7262e/docs/checks.md#token-permissions,No tokens found,-1,https://github.com/ossf/scorecard/blob/80ee3ecfedf8b19ab8991713a9fdb2e7dcd7262e/docs/checks.md#vulnerabilities,0 existing vulnerabilities detected,10,True,,,2.8,0.0,success
